Region,WP_GroupNo,Type,M_Name,RoadName,RoadNo,Direction,Distance,MS_Lat,MS_Lon,Ms_Alt,WP_Lat,WP_Lon,WP_Alt,Caution,SafeDown,Sampled,r_alt,Gimbal_Pitch,Gimbal_Yaw,Index
영동지사,26imhh,Patrol,영동_순찰_길_01,,,,,,,,36.3183418,127.4683626,100.8482513,0,FALSE,TRUE,,0,0,1
영동지사,26imhh,Patrol,영동_순찰_길_01,,,,,,,,36.3182538,127.468349,140.8482513,0,FALSE,TRUE,,0,0,2
영동지사,26imhh,Patrol,영동_순찰_길_01,,,,,,,,36.31816381,127.4683552,141.2011368,0,FALSE,FALSE,,0,0,3
영동지사,26imhh,Patrol,영동_순찰_길_01,,,,,,,,36.31807382,127.4683615,141.5540222,0,FALSE,FALSE,,-15,-10,4
영동지사,26imhh,Patrol,영동_순찰_길_01,,,,,,,,36.31798383,127.4683677,141.9069077,0,FALSE,TRUE,,-15,-10,5
영동지사,26imhh,Patrol,영동_순찰_길_01,,,,,,,,36.31796248,127.4684471,142.2597931,0,FALSE,TRUE,,-15,-10,6
영동지사,26imhh,Patrol,영동_순찰_길_01,,,,,,,,36.31797075,127.468558,142.6126785,0,FALSE,FALSE,,-15,-10,7
영동지사,26imhh,Patrol,영동_순찰_길_01,,,,,,,,36.31797903,127.4686689,142.965564,0,FALSE,FALSE,,-15,-10,8
영동지사,26imhh,Patrol,영동_순찰_길_01,,,,,,,,36.3179873,127.4687798,143.3184494,0,FALSE,FALSE,,-15,-10,9
영동지사,26imhh,Patrol,영동_순찰_길_01,,,,,,,,36.31799558,127.4688907,143.6713348,0,FALSE,TRUE,,-15,-10,10
영동지사,26imhh,Patrol,영동_순찰_길_01,,,,,,,,36.31798919,127.4690001,144.0242203,0,FALSE,TRUE,,-15,-10,11
영동지사,26imhh,Patrol,영동_순찰_길_01,,,,,,,,36.31796597,127.4691077,144.3771057,0,FALSE,FALSE,,-15,-10,12
영동지사,26imhh,Patrol,영동_순찰_길_01,,,,,,,,36.31794274,127.4692153,144.7299912,0,FALSE,FALSE,,-15,-10,13
영동지사,26imhh,Patrol,영동_순찰_길_01,,,,,,,,36.31791951,127.4693229,145.0828766,0,FALSE,FALSE,,-15,-10,14
영동지사,26imhh,Patrol,영동_순찰_길_01,,,,,,,,36.31789629,127.4694305,145.4556198,0,FALSE,FALSE,,-15,-10,15
영동지사,26imhh,Patrol,영동_순찰_길_01,,,,,,,,36.31787306,127.4695382,145.7886475,0,FALSE,FALSE,,-15,-10,16
영동지사,26imhh,Patrol,영동_순찰_길_01,,,,,,,,36.31784984,127.4696458,146.1415329,0,FALSE,TRUE,,-15,-10,17
영동지사,26imhh,Patrol,영동_순찰_길_01,,,,,,,,36.31782661,127.4697534,145.99985,0,FALSE,FALSE,,-15,-10,18
영동지사,26imhh,Patrol,영동_순찰_길_01,,,,,,,,36.31780338,127.469861,145.858167,0,FALSE,FALSE,,-15,-10,19
영동지사,26imhh,Patrol,영동_순찰_길_01,,,,,,,,36.31778016,127.4699686,145.7164841,0,FALSE,TRUE,,-15,-10,20
영동지사,26imhh,Patrol,영동_순찰_길_01,,,,,,,,36.31775693,127.4700762,145.9034723,0,FALSE,FALSE,,-15,-10,21
영동지사,26imhh,Patrol,영동_순찰_길_01,,,,,,,,36.3177337,127.4701838,146.0904605,0,FALSE,FALSE,,-15,-10,22
영동지사,26imhh,Patrol,영동_순찰_길_01,,,,,,,,36.31771048,127.4702915,146.2774487,0,FALSE,FALSE,,-15,-10,23
영동지사,26imhh,Patrol,영동_순찰_길_01,,,,,,,,36.31768995,127.4703999,146.4644369,0,FALSE,TRUE,,-15,-10,24
영동지사,26imhh,Patrol,영동_순찰_길_01,,,,,,,,36.31767165,127.4705089,146.6514251,0,FALSE,FALSE,,-15,-10,25
영동지사,26imhh,Patrol,영동_순찰_길_01,,,,,,,,36.31765335,127.470618,146.8384133,0,FALSE,FALSE,,-15,-10,26
영동지사,26imhh,Patrol,영동_순찰_길_01,,,,,,,,36.31763505,127.470727,147.0254016,0,FALSE,FALSE,,-15,-10,27
영동지사,26imhh,Patrol,영동_순찰_길_01,,,,,,,,36.31761674,127.4708361,147.2123898,0,FALSE,FALSE,,0,0,28
영동지사,26imhh,Patrol,영동_순찰_길_01,,,,,,,,36.31759844,127.4709451,147.399378,1,FALSE,FALSE,,0,0,29
영동지사,26imhh,Patrol,영동_순찰_길_01,,,,,,,,36.31758014,127.4710542,147.5863662,1,FALSE,FALSE,,0,0,30
영동지사,26imhh,Patrol,영동_순찰_길_01,,,,,,,,36.31756183,127.4711633,147.7733544,1,FALSE,FALSE,,0,0,31
영동지사,26imhh,Patrol,영동_순찰_길_01,,,,,,,,36.31754353,127.4712723,147.9603426,0,FALSE,FALSE,,0,0,32
영동지사,26imhh,Patrol,영동_순찰_길_01,,,,,,,,36.31752523,127.4713814,148.1473308,0,FALSE,FALSE,,0,0,33
영동지사,26imhh,Patrol,영동_순찰_길_01,,,,,,,,36.31750692,127.4714904,148.334319,0,FALSE,FALSE,,0,0,34
영동지사,26imhh,Patrol,영동_순찰_길_01,,,,,,,,36.31748862,127.4715995,148.5213073,0,FALSE,FALSE,,0,0,35
영동지사,26imhh,Patrol,영동_순찰_길_01,,,,,,,,36.31747032,127.4717085,148.7082955,0,FALSE,TRUE,,0,0,36
영동지사,26imhh,Patrol,영동_순찰_길_01,,,,,,,,36.31747813,127.4718131,148.8952837,0,FALSE,TRUE,,0,0,37
영동지사,26imhh,Patrol,영동_순찰_길_01,,,,,,,,36.31751967,127.471912,149.0822719,0,FALSE,FALSE,,0,0,38
영동지사,26imhh,Patrol,영동_순찰_길_01,,,,,,,,36.31756122,127.4720108,149.2692601,0,FALSE,FALSE,,-15,-10,39
영동지사,26imhh,Patrol,영동_순찰_길_01,,,,,,,,36.31760276,127.4721097,149.4562483,0,FALSE,FALSE,,-15,-10,40
영동지사,26imhh,Patrol,영동_순찰_길_01,,,,,,,,36.31764647,127.4722058,149.6432365,0,FALSE,TRUE,,-15,-10,41
영동지사,26imhh,Patrol,영동_순찰_길_01,,,,,,,,36.31772684,127.4722562,149.8302247,0,FALSE,FALSE,,0,0,42
영동지사,26imhh,Patrol,영동_순찰_길_01,,,,,,,,36.31780729,127.4723064,150.0172129,0,FALSE,TRUE,,0,0,43
영동지사,26imhh,Patrol,영동_순찰_길_01,,,,,,,,36.31788926,127.4723527,150.2042012,0,FALSE,FALSE,,0,0,44
영동지사,26imhh,Patrol,영동_순찰_길_01,,,,,,,,36.31797123,127.4723991,150.3911894,0,FALSE,FALSE,,0,0,45
영동지사,26imhh,Patrol,영동_순찰_길_01,,,,,,,,36.3180532,127.4724454,150.5781776,0,FALSE,FALSE,,0,0,46
영동지사,26imhh,Patrol,영동_순찰_길_01,,,,,,,,36.31813517,127.4724917,150.7651658,0,FALSE,FALSE,,0,0,47
영동지사,26imhh,Patrol,영동_순찰_길_01,,,,,,,,36.31821714,127.472538,150.952154,0,FALSE,FALSE,,0,0,48
영동지사,26imhh,Patrol,영동_순찰_길_01,,,,,,,,36.31829911,127.4725843,151.1391422,0,FALSE,FALSE,,0,0,49
영동지사,26imhh,Patrol,영동_순찰_길_01,,,,,,,,36.31838108,127.4726306,151.3261304,0,FALSE,FALSE,,0,0,50
영동지사,26imhh,Patrol,영동_순찰_길_01,,,,,,,,36.31846305,127.472677,151.5131186,0,FALSE,FALSE,,0,0,51
영동지사,26imhh,Patrol,영동_순찰_길_01,,,,,,,,36.31854502,127.4727233,151.7001069,0,FALSE,FALSE,,0,0,52
영동지사,26imhh,Patrol,영동_순찰_길_01,,,,,,,,36.31862779,127.472767,151.8870951,0,FALSE,TRUE,,0,0,53
영동지사,26imhh,Patrol,영동_순찰_길_01,,,,,,,,36.31871364,127.472801,152.0740833,0,FALSE,FALSE,,0,0,54
영동지사,26imhh,Patrol,영동_순찰_길_01,,,,,,,,36.31879949,127.4728349,152.2610715,0,FALSE,FALSE,,0,0,55
영동지사,26imhh,Patrol,영동_순찰_길_01,,,,,,,,36.31888533,127.4728689,152.4480597,0,FALSE,FALSE,,0,0,56
영동지사,26imhh,Patrol,영동_순찰_길_01,,,,,,,,36.31897118,127.4729028,152.6350479,0,FALSE,TRUE,,0,0,57
영동지사,26imhh,Patrol,영동_순찰_길_01,,,,,,,,36.31905702,127.4729368,152.0708204,0,FALSE,FALSE,,0,0,58
영동지사,26imhh,Patrol,영동_순찰_길_01,,,,,,,,36.31914287,127.4729707,151.5065929,0,FALSE,FALSE,,0,0,59
영동지사,26imhh,Patrol,영동_순찰_길_01,,,,,,,,36.31922872,127.4730046,150.9423654,0,FALSE,FALSE,,0,0,60
영동지사,26imhh,Patrol,영동_순찰_길_01,,,,,,,,36.31931456,127.4730386,150.3781379,0,FALSE,FALSE,,0,0,61
영동지사,26imhh,Patrol,영동_순찰_길_01,,,,,,,,36.31940041,127.4730725,149.8139104,0,FALSE,FALSE,,0,0,62
영동지사,26imhh,Patrol,영동_순찰_길_01,,,,,,,,36.31948585,127.4731077,149.2496828,0,FALSE,TRUE,,0,0,63
영동지사,26imhh,Patrol,영동_순찰_길_01,,,,,,,,36.31956612,127.4731584,148.6854553,0,FALSE,TRUE,,0,0,64
영동지사,26imhh,Patrol,영동_순찰_길_01,,,,,,,,36.31964639,127.473209,149.1177343,0,FALSE,FALSE,,0,0,65
영동지사,26imhh,Patrol,영동_순찰_길_01,,,,,,,,36.31972665,127.4732597,149.5500132,0,FALSE,FALSE,,0,0,66
영동지사,26imhh,Patrol,영동_순찰_길_01,,,,,,,,36.31980692,127.4733103,149.9822922,0,FALSE,TRUE,,0,0,67
영동지사,26imhh,Patrol,영동_순찰_길_01,,,,,,,,36.31988719,127.473361,152.0838615,0,FALSE,FALSE,,0,0,68
영동지사,26imhh,Patrol,영동_순찰_길_01,,,,,,,,36.31996746,127.4734117,154.1854307,0,FALSE,FALSE,,0,0,69
영동지사,26imhh,Patrol,영동_순찰_길_01,,,,,,,,36.32004773,127.4734623,156.287,0,TRUE,TRUE,,0,0,70
영동지사,26imhh,Patrol,영동_순찰_길_01,통영대전고속도로,350,S,212.21,36.32009949,127.4736482,108.6171434,36.320128,127.473513,158.6171434,0,TRUE,TRUE,50,0,0,71
영동지사,26imhh,Patrol,영동_순찰_길_01,통영대전고속도로,350,S,212.22,36.32017069,127.473671,108.6796021,36.320199,127.473536,158.9243788,0,TRUE,FALSE,50.24477672,0,0,72
영동지사,26imhh,Patrol,영동_순찰_길_01,통영대전고속도로,350,S,212.23,36.32024188,127.4736938,108.7421386,36.32027,127.473559,159.2316142,0,TRUE,FALSE,50.48947563,0,0,73
영동지사,26imhh,Patrol,영동_순찰_길_01,통영대전고속도로,350,S,212.24,36.32031308,127.4737167,108.8047517,36.320341,127.473582,159.5388497,0,TRUE,FALSE,50.73409795,0,0,74
영동지사,26imhh,Patrol,영동_순찰_길_01,통영대전고속도로,350,S,212.25,36.32038428,127.4737395,108.8674402,36.320412,127.473605,159.8460851,0,TRUE,FALSE,50.97864487,0,0,75
영동지사,26imhh,Patrol,영동_순찰_길_01,통영대전고속도로,350,S,212.26,36.32045548,127.4737624,108.9302028,36.320484,127.473627,160.1533205,0,TRUE,FALSE,51.22311768,0,0,76
영동지사,26imhh,Patrol,영동_순찰_길_01,통영대전고속도로,350,S,212.27,36.32052667,127.4737852,108.9930385,36.320555,127.47365,160.4605559,0,TRUE,FALSE,51.4675174,0,0,77
영동지사,26imhh,Patrol,영동_순찰_길_01,통영대전고속도로,350,S,212.28,36.32059787,127.473808,109.055946,36.320626,127.473673,160.7677913,0,TRUE,FALSE,51.71184532,0,0,78
영동지사,26imhh,Patrol,영동_순찰_길_01,통영대전고속도로,350,S,212.29,36.32066907,127.4738309,109.1189243,36.320697,127.473696,161.0750267,0,TRUE,FALSE,51.95610244,0,0,79
영동지사,26imhh,Patrol,영동_순찰_길_01,통영대전고속도로,350,S,212.3,36.32074026,127.4738537,109.1856924,36.320769,127.473719,161.3822622,0,TRUE,TRUE,52.19656975,0,0,80
영동지사,26imhh,Patrol,영동_순찰_길_01,통영대전고속도로,350,S,212.31,36.32084968,127.4738902,109.2791283,36.320879,127.473756,161.6894976,0,TRUE,FALSE,52.41036927,0,0,81
영동지사,26imhh,Patrol,영동_순찰_길_01,통영대전고속도로,350,S,212.32,36.32095909,127.4739268,109.3726992,36.320988,127.473792,161.996733,0,TRUE,FALSE,52.62403379,0,0,82
영동지사,26imhh,Patrol,영동_순찰_길_01,통영대전고속도로,350,S,212.33,36.3210685,127.4739633,109.4662743,36.321098,127.473829,162.3039684,0,TRUE,FALSE,52.8376941,0,0,83
영동지사,26imhh,Patrol,영동_순찰_길_01,통영대전고속도로,350,S,212.34,36.32117792,127.4739998,109.5598536,36.321207,127.473865,162.6112038,0,TRUE,FALSE,53.05135022,0,0,84
영동지사,26imhh,Patrol,영동_순찰_길_01,통영대전고속도로,350,S,212.35,36.32128733,127.4740363,109.6534373,36.321316,127.473902,162.9184392,0,TRUE,FALSE,53.26500194,0,0,85
영동지사,26imhh,Patrol,영동_순찰_길_01,통영대전고속도로,350,S,212.36,36.32139674,127.4740728,109.7470257,36.321426,127.473938,163.2256747,0,TRUE,FALSE,53.47864895,0,0,86
영동지사,26imhh,Patrol,영동_순찰_길_01,통영대전고속도로,350,S,212.37,36.32150616,127.4741094,109.8406187,36.321535,127.473975,163.5329101,0,TRUE,FALSE,53.69229137,0,0,87
영동지사,26imhh,Patrol,영동_순찰_길_01,통영대전고속도로,350,S,212.38,36.32161557,127.4741459,109.9342167,36.321645,127.474011,163.8401455,0,TRUE,FALSE,53.90592879,0,0,88
영동지사,26imhh,Patrol,영동_순찰_길_01,통영대전고속도로,350,S,212.39,36.32172498,127.4741824,110.0278198,36.321754,127.474048,164.1473809,0,TRUE,FALSE,54.1195611,0,0,89
영동지사,26imhh,Patrol,영동_순찰_길_01,통영대전고속도로,350,S,212.4,36.32183439,127.4742189,110.0048023,36.321862,127.474084,164.4546163,0,TRUE,TRUE,54.44981402,0,0,90
영동지사,26imhh,Patrol,영동_순찰_길_01,통영대전고속도로,350,S,212.41,36.32191326,127.4742427,110.2770762,36.32194,127.474107,164.7618517,0,FALSE,FALSE,54.48477554,0,0,91
영동지사,26imhh,Patrol,영동_순찰_길_01,통영대전고속도로,350,S,212.42,36.32199213,127.4742665,110.4321938,36.322019,127.474131,165.0690872,0,FALSE,FALSE,54.63689336,0,0,92
영동지사,26imhh,Patrol,영동_순찰_길_01,통영대전고속도로,350,S,212.43,36.322071,127.4742902,110.5873077,36.322098,127.474155,165.3763226,0,FALSE,FALSE,54.78901487,0,0,93
영동지사,26imhh,Patrol,영동_순찰_길_01,통영대전고속도로,350,S,212.44,36.32214987,127.474314,110.7424179,36.322176,127.474179,165.683558,0,FALSE,FALSE,54.94114009,0,0,94
영동지사,26imhh,Patrol,영동_순찰_길_01,통영대전고속도로,350,S,212.45,36.32222873,127.4743378,110.8975245,36.322255,127.474202,165.9907934,0,FALSE,FALSE,55.09326891,0,0,95
영동지사,26imhh,Patrol,영동_순찰_길_01,통영대전고속도로,350,S,212.46,36.3223076,127.4743615,111.0526274,36.322334,127.474226,166.2980288,0,TRUE,FALSE,55.24540142,0,0,96
영동지사,26imhh,Patrol,영동_순찰_길_01,통영대전고속도로,350,S,212.47,36.32238647,127.4743853,111.2077268,36.322413,127.47425,166.6052642,0,TRUE,FALSE,55.39753744,0,0,97
영동지사,26imhh,Patrol,영동_순찰_길_01,통영대전고속도로,350,S,212.48,36.32246534,127.4744091,111.3628225,36.322492,127.474274,166.9124997,0,TRUE,FALSE,55.54967716,0,0,98
영동지사,26imhh,Patrol,영동_순찰_길_01,통영대전고속도로,350,S,212.49,36.3225442,127.4744328,111.5179147,36.322571,127.474297,167.2197351,0,TRUE,FALSE,55.70182037,0,0,99
영동지사,26imhh,Patrol,영동_순찰_길_01,통영대전고속도로,350,S,212.5,36.32262307,127.4744566,111.5804775,36.322652,127.474322,167.5269705,0,TRUE,TRUE,55.94649299,0,0,100
영동지사,26imhh,Patrol,영동_순찰_길_01,통영대전고속도로,350,S,212.51,36.3226956,127.4744825,111.8557652,36.322727,127.474349,167.8342059,0,TRUE,FALSE,55.97844071,0,0,101
영동지사,26imhh,Patrol,영동_순찰_길_01,통영대전고속도로,350,S,212.52,36.32276813,127.4745083,112.0399688,36.322799,127.474375,168.1414413,0,TRUE,FALSE,56.10147252,0,0,102
영동지사,26imhh,Patrol,영동_순찰_길_01,통영대전고속도로,350,S,212.53,36.32284066,127.4745342,112.2264329,36.322872,127.4744,168.4486767,0,TRUE,FALSE,56.22224384,0,0,103
영동지사,26imhh,Patrol,영동_순찰_길_01,통영대전고속도로,350,S,212.54,36.32291319,127.4745601,112.4128639,36.322944,127.474426,168.7559122,0,TRUE,FALSE,56.34304826,0,0,104
영동지사,26imhh,Patrol,영동_순찰_길_01,통영대전고속도로,350,S,212.55,36.32298572,127.4745859,112.5992605,36.323017,127.474452,169.0631476,0,TRUE,FALSE,56.46388708,0,0,105
영동지사,26imhh,Patrol,영동_순찰_길_01,통영대전고속도로,350,S,212.56,36.32305825,127.4746118,112.7856217,36.323089,127.474478,169.370383,0,TRUE,FALSE,56.58476129,0,0,106
영동지사,26imhh,Patrol,영동_순찰_길_01,통영대전고속도로,350,S,212.57,36.32313078,127.4746377,112.9719463,36.323162,127.474504,169.6776184,0,TRUE,FALSE,56.70567211,0,0,107
영동지사,26imhh,Patrol,영동_순찰_길_01,통영대전고속도로,350,S,212.58,36.32320331,127.4746636,113.1582331,36.323234,127.47453,169.9848538,0,TRUE,FALSE,56.82662073,0,0,108
영동지사,26imhh,Patrol,영동_순찰_길_01,통영대전고속도로,350,S,212.59,36.32327584,127.4746894,113.3444807,36.323307,127.474556,170.2920892,0,TRUE,FALSE,56.94760854,0,0,109
영동지사,26imhh,Patrol,영동_순찰_길_01,통영대전고속도로,350,S,212.6,36.32334837,127.4747153,113.5328194,36.323382,127.474582,170.5993247,0,TRUE,TRUE,57.06650526,0,0,110
영동지사,26imhh,Patrol,영동_순찰_길_01,통영대전고속도로,350,S,212.61,36.32342855,127.4747489,113.7714766,36.323464,127.474617,170.9065601,0,TRUE,FALSE,57.13508348,0,0,111
영동지사,26imhh,Patrol,영동_순찰_길_01,통영대전고속도로,350,S,212.62,36.32350872,127.4747825,114.0307129,36.323545,127.474651,171.2137955,0,TRUE,FALSE,57.18308259,0,0,112
영동지사,26imhh,Patrol,영동_순찰_길_01,통영대전고속도로,350,S,212.63,36.3235889,127.4748162,114.2899447,36.323625,127.474684,171.5210309,0,TRUE,FALSE,57.23108621,0,0,113
영동지사,26imhh,Patrol,영동_순찰_길_01,통영대전고속도로,350,S,212.64,36.32366908,127.4748498,114.5491719,36.323705,127.474718,171.8282663,0,TRUE,FALSE,57.27909443,0,0,114
영동지사,26imhh,Patrol,영동_순찰_길_01,통영대전고속도로,350,S,212.65,36.32374925,127.4748834,114.8083946,36.323785,127.474751,172.1355017,0,TRUE,FALSE,57.32710714,0,0,115
영동지사,26imhh,Patrol,영동_순찰_길_01,통영대전고속도로,350,S,212.66,36.32382943,127.474917,115.0676127,36.323865,127.474785,172.4427372,0,FALSE,FALSE,57.37512446,0,0,116
영동지사,26imhh,Patrol,영동_순찰_길_01,통영대전고속도로,350,S,212.67,36.32390961,127.4749507,115.3268264,36.323946,127.474819,172.7499726,0,FALSE,FALSE,57.42314618,0,0,117
영동지사,26imhh,Patrol,영동_순찰_길_01,통영대전고속도로,350,S,212.68,36.32398978,127.4749843,115.5860355,36.324026,127.474852,173.057208,0,FALSE,FALSE,57.4711725,0,0,118
영동지사,26imhh,Patrol,영동_순찰_길_01,통영대전고속도로,350,S,212.69,36.32406996,127.4750179,115.8452401,36.324106,127.474886,173.3644434,0,FALSE,FALSE,57.51920331,0,0,119
영동지사,26imhh,Patrol,영동_순찰_길_01,통영대전고속도로,350,S,212.7,36.32415014,127.4750515,116.0459123,36.324188,127.474921,173.6716788,0,FALSE,TRUE,57.62576653,0,0,120
영동지사,26imhh,Patrol,영동_순찰_길_01,통영대전고속도로,350,S,212.71,36.32423251,127.4750913,116.4688694,36.324273,127.474961,173.9789143,0,FALSE,FALSE,57.51004485,0,0,121
영동지사,26imhh,Patrol,영동_순찰_길_01,통영대전고속도로,350,S,212.72,36.32431488,127.4751311,116.836065,36.324356,127.475001,174.2861497,0,TRUE,FALSE,57.45008466,0,0,122
영동지사,26imhh,Patrol,영동_순찰_길_01,통영대전고속도로,350,S,212.73,36.32439725,127.4751708,117.2130581,36.324438,127.475041,174.5933851,0,TRUE,FALSE,57.38032698,0,0,123
영동지사,26imhh,Patrol,영동_순찰_길_01,통영대전고속도로,350,S,212.74,36.32447962,127.4752106,117.590047,36.32452,127.475081,174.9006205,0,TRUE,FALSE,57.3105735,0,0,124
영동지사,26imhh,Patrol,영동_순찰_길_01,통영대전고속도로,350,S,212.75,36.32456199,127.4752503,117.9670319,36.324603,127.475121,175.2078559,0,TRUE,FALSE,57.24082401,0,0,125
영동지사,26imhh,Patrol,영동_순찰_길_01,통영대전고속도로,350,S,212.76,36.32464436,127.4752901,118.3440126,36.324685,127.47516,175.5150913,0,FALSE,FALSE,57.17107873,0,0,126
영동지사,26imhh,Patrol,영동_순찰_길_01,통영대전고속도로,350,S,212.77,36.32472672,127.4753298,118.7209893,36.324767,127.4752,175.8223268,0,FALSE,FALSE,57.10133745,0,0,127
영동지사,26imhh,Patrol,영동_순찰_길_01,통영대전고속도로,350,S,212.78,36.32480909,127.4753696,119.097962,36.32485,127.47524,176.1295622,0,FALSE,FALSE,57.03160016,0,0,128
영동지사,26imhh,Patrol,영동_순찰_길_01,통영대전고속도로,350,S,212.79,36.32489146,127.4754094,119.4749307,36.324932,127.47528,176.4367976,0,FALSE,FALSE,56.96186688,0,0,129
영동지사,26imhh,Patrol,영동_순찰_길_01,통영대전고속도로,350,S,212.8,36.32497383,127.4754491,119.7579214,36.325017,127.475321,176.744033,0,FALSE,TRUE,56.9861116,0,0,130
영동지사,26imhh,Patrol,영동_순찰_길_01,통영대전고속도로,350,S,212.81,36.32505624,127.4754947,120.2349939,36.325102,127.475368,177.0512684,0,TRUE,FALSE,56.81627451,0,0,131
영동지사,26imhh,Patrol,영동_순찰_길_01,통영대전고속도로,350,S,212.82,36.32513864,127.4755403,120.6235734,36.325184,127.475413,177.3585038,0,TRUE,FALSE,56.73493043,0,0,132
영동지사,26imhh,Patrol,영동_순찰_길_01,통영대전고속도로,350,S,212.83,36.32522104,127.4755859,121.0121578,36.325267,127.475459,177.6657393,0,TRUE,FALSE,56.65358145,0,0,133
영동지사,26imhh,Patrol,영동_순찰_길_01,통영대전고속도로,350,S,212.84,36.32530345,127.4756314,121.4007472,36.325349,127.475504,177.9729747,0,TRUE,FALSE,56.57222747,0,0,134
영동지사,26imhh,Patrol,영동_순찰_길_01,통영대전고속도로,350,S,212.85,36.32538585,127.475677,121.7893415,36.325431,127.47555,178.2802101,0,TRUE,FALSE,56.49086858,0,0,135
영동지사,26imhh,Patrol,영동_순찰_길_01,통영대전고속도로,350,S,212.86,36.32546825,127.4757226,122.1779407,36.325514,127.475595,178.5874455,0,TRUE,FALSE,56.4095048,0,0,136
영동지사,26imhh,Patrol,영동_순찰_길_01,통영대전고속도로,350,S,212.87,36.32555066,127.4757682,122.5665448,36.325596,127.475641,178.8946809,0,TRUE,FALSE,56.32813612,0,0,137
영동지사,26imhh,Patrol,영동_순찰_길_01,통영대전고속도로,350,S,212.88,36.32563306,127.4758137,122.9551538,36.325679,127.475687,179.2019163,0,TRUE,FALSE,56.24676253,0,0,138
영동지사,26imhh,Patrol,영동_순찰_길_01,통영대전고속도로,350,S,212.89,36.32571546,127.4758593,123.3437676,36.325761,127.475732,179.5091518,0,TRUE,FALSE,56.16538415,0,0,139
영동지사,26imhh,Patrol,영동_순찰_길_01,통영대전고속도로,350,S,212.9,36.32579787,127.4759049,123.5402537,36.325846,127.475779,179.8163872,0,TRUE,TRUE,56.27613347,0,0,140
영동지사,26imhh,Patrol,영동_순찰_길_01,통영대전고속도로,350,S,212.91,36.32587475,127.4759534,124.0861713,36.325926,127.475829,180.1236226,0,TRUE,FALSE,56.03745128,0,0,141
영동지사,26imhh,Patrol,영동_순찰_길_01,통영대전고속도로,350,S,212.92,36.32595163,127.4760019,124.4458339,36.326002,127.475878,180.430858,0,TRUE,FALSE,55.9850241,0,0,142
영동지사,26imhh,Patrol,영동_순찰_길_01,통영대전고속도로,350,S,212.93,36.32602851,127.4760504,124.8054884,36.326079,127.475926,180.7380934,0,TRUE,FALSE,55.93260502,0,0,143
영동지사,26imhh,Patrol,영동_순찰_길_01,통영대전고속도로,350,S,212.94,36.32610539,127.4760989,125.1651348,36.326156,127.475975,181.0453288,0,TRUE,FALSE,55.88019403,0,0,144
영동지사,26imhh,Patrol,영동_순찰_길_01,통영대전고속도로,350,S,212.95,36.32618228,127.4761474,125.5247731,36.326233,127.476023,181.3525643,0,TRUE,FALSE,55.82779115,0,0,145
영동지사,26imhh,Patrol,영동_순찰_길_01,통영대전고속도로,350,S,212.96,36.32625916,127.476196,125.8844033,36.32631,127.476072,181.6597997,0,TRUE,FALSE,55.77539637,0,0,146
영동지사,26imhh,Patrol,영동_순찰_길_01,통영대전고속도로,350,S,212.97,36.32633604,127.4762445,126.2440252,36.326387,127.47612,181.9670351,0,TRUE,FALSE,55.72300989,0,0,147
영동지사,26imhh,Patrol,영동_순찰_길_01,통영대전고속도로,350,S,212.98,36.32641292,127.476293,126.6036388,36.326464,127.476169,182.2742705,0,TRUE,FALSE,55.6706317,0,0,148
영동지사,26imhh,Patrol,영동_순찰_길_01,통영대전고속도로,350,S,212.99,36.3264898,127.4763415,126.9632441,36.326541,127.476217,182.5815059,0,TRUE,TRUE,55.61826182,0,0,149
영동지사,26imhh,Patrol,영동_순찰_길_01,통영대전고속도로,350,S,213,36.32656668,127.47639,127.3295077,36.32662,127.476267,182.8887413,0,TRUE,FALSE,55.55923364,0,0,150
영동지사,26imhh,Patrol,영동_순찰_길_01,통영대전고속도로,350,S,213.01,36.32664855,127.4764484,127.6883123,36.326705,127.476328,183.1959768,0,TRUE,FALSE,55.50766445,0,0,151
영동지사,26imhh,Patrol,영동_순찰_길_01,통영대전고속도로,350,S,213.02,36.32673042,127.4765069,128.0501622,36.326786,127.476386,183.5032122,0,TRUE,FALSE,55.45304997,0,0,152
영동지사,26imhh,Patrol,영동_순찰_길_01,통영대전고속도로,350,S,213.03,36.32681229,127.4765653,128.4120207,36.326868,127.476445,183.8104476,0,TRUE,FALSE,55.39842689,0,0,153
영동지사,26imhh,Patrol,영동_순찰_길_01,통영대전고속도로,350,S,213.04,36.32689416,127.4766238,128.7738878,36.32695,127.476503,184.117683,0,FALSE,FALSE,55.3437952,0,0,154
영동지사,26imhh,Patrol,영동_순찰_길_01,통영대전고속도로,350,S,213.05,36.32697603,127.4766822,129.1357634,36.327032,127.476561,184.4249184,0,FALSE,FALSE,55.28915502,0,0,155
영동지사,26imhh,Patrol,영동_순찰_길_01,통영대전고속도로,350,S,213.06,36.3270579,127.4767407,129.4976477,36.327114,127.47662,184.7321538,0,FALSE,FALSE,55.23450614,0,0,156
영동지사,26imhh,Patrol,영동_순찰_길_01,통영대전고속도로,350,S,213.07,36.32713977,127.4767991,129.8595405,36.327196,127.476678,185.0393893,0,FALSE,FALSE,55.17984875,0,0,157
영동지사,26imhh,Patrol,영동_순찰_길_01,통영대전고속도로,350,S,213.08,36.32722164,127.4768575,130.2214419,36.327278,127.476737,185.3466247,0,FALSE,FALSE,55.12518277,0,0,158
영동지사,26imhh,Patrol,영동_순찰_길_01,통영대전고속도로,350,S,213.09,36.3273035,127.476916,130.5833519,36.327359,127.476795,185.6538601,0,FALSE,FALSE,55.07050819,0,0,159
영동지사,26imhh,Patrol,영동_순찰_길_01,통영대전고속도로,350,S,213.1,36.32738537,127.4769744,131.4862777,36.327443,127.476855,185.9610955,0,FALSE,TRUE,54.47481781,0,0,160
영동지사,26imhh,Patrol,영동_순찰_길_01,통영대전고속도로,350,S,213.11,36.32745731,127.4770303,131.3465478,36.327517,127.476912,186.2683309,0,TRUE,FALSE,54.92178312,0,0,161
영동지사,26imhh,Patrol,영동_순찰_길_01,통영대전고속도로,350,S,213.12,36.32752925,127.4770861,131.7444734,36.327589,127.476968,186.5755663,0,FALSE,FALSE,54.83109294,0,0,162
영동지사,26imhh,Patrol,영동_순찰_길_01,통영대전고속도로,350,S,213.13,36.32760119,127.4771419,132.1424378,36.327661,127.477024,186.8828018,0,FALSE,FALSE,54.74036396,0,0,163
영동지사,26imhh,Patrol,영동_순찰_길_01,통영대전고속도로,350,S,213.14,36.32767312,127.4771977,132.5404409,36.327733,127.47708,187.1900372,0,FALSE,FALSE,54.64959627,0,0,164
영동지사,26imhh,Patrol,영동_순찰_길_01,통영대전고속도로,350,S,213.15,36.32774506,127.4772536,132.9384825,36.327805,127.477135,187.4972726,0,FALSE,FALSE,54.55879009,0,0,165
영동지사,26imhh,Patrol,영동_순찰_길_01,통영대전고속도로,350,S,213.16,36.327817,127.4773094,133.3365622,36.327877,127.477191,187.804508,0,FALSE,FALSE,54.46794581,0,0,166
영동지사,26imhh,Patrol,영동_순찰_길_01,통영대전고속도로,350,S,213.17,36.32788894,127.4773652,133.7346801,36.327948,127.477247,188.1117434,0,FALSE,FALSE,54.37706332,0,0,167
영동지사,26imhh,Patrol,영동_순찰_길_01,통영대전고속도로,350,S,213.18,36.32796087,127.477421,134.1328357,36.32802,127.477303,188.4189788,0,FALSE,FALSE,54.28614314,0,0,168
영동지사,26imhh,Patrol,영동_순찰_길_01,통영대전고속도로,350,S,213.19,36.32803281,127.4774769,134.531029,36.328092,127.477359,188.7262143,0,FALSE,FALSE,54.19518526,0,0,169
영동지사,26imhh,Patrol,영동_순찰_길_01,통영대전고속도로,350,S,213.2,36.32810475,127.4775327,135.1485573,36.328165,127.477416,189.0334497,0,FALSE,TRUE,53.88489237,0,0,170
영동지사,26imhh,Patrol,영동_순찰_길_01,통영대전고속도로,350,S,213.21,36.32817734,127.477592,135.1854172,36.328239,127.477476,189.3406851,0,FALSE,FALSE,54.15526789,0,0,171
영동지사,26imhh,Patrol,영동_순찰_길_01,통영대전고속도로,350,S,213.22,36.32824992,127.4776512,135.4410479,36.328312,127.477535,189.6479205,0,FALSE,FALSE,54.20687261,0,0,172
영동지사,26imhh,Patrol,영동_순찰_길_01,통영대전고속도로,350,S,213.23,36.32832251,127.4777105,135.6966812,36.328384,127.477594,189.9551559,0,FALSE,FALSE,54.25847473,0,0,173
영동지사,26imhh,Patrol,영동_순찰_길_01,통영대전고속도로,350,S,213.24,36.3283951,127.4777698,135.952317,36.328457,127.477653,190.2623913,0,FALSE,FALSE,54.31007434,0,0,174
영동지사,26imhh,Patrol,영동_순찰_길_01,통영대전고속도로,350,S,213.25,36.32846768,127.4778291,136.2079556,36.328529,127.477713,190.5696268,0,FALSE,FALSE,54.36167116,0,0,175
영동지사,26imhh,Patrol,영동_순찰_길_01,통영대전고속도로,350,S,213.26,36.32854027,127.4778883,136.4635967,36.328602,127.477772,190.8768622,0,FALSE,FALSE,54.41326548,0,0,176
영동지사,26imhh,Patrol,영동_순찰_길_01,통영대전고속도로,350,S,213.27,36.32861286,127.4779476,136.7192404,36.328674,127.477831,191.34935,0,FALSE,TRUE,54.63010958,0,0,177
영동지사,26imhh,Patrol,영동_순찰_길_01,통영대전고속도로,350,S,213.28,36.32868544,127.4780069,136.9748868,36.328747,127.477891,191.491333,0,FALSE,FALSE,54.51644621,0,0,178
영동지사,26imhh,Patrol,영동_순찰_길_01,통영대전고속도로,350,S,213.29,36.32875803,127.4780661,137.2204487,36.32882,127.47795,191.6638492,0,FALSE,FALSE,54.44340045,0,0,179
영동지사,26imhh,Patrol,영동_순찰_길_01,통영대전고속도로,350,S,213.3,36.32883062,127.4781254,137.673669,36.328891,127.478008,191.8363653,0,TRUE,TRUE,54.16269629,0,0,180
영동지사,26imhh,Patrol,영동_순찰_길_01,통영대전고속도로,350,S,213.31,36.32890083,127.4781802,137.6522783,36.328961,127.478062,192.0088814,0,FALSE,FALSE,54.35660313,0,0,181
영동지사,26imhh,Patrol,영동_순찰_길_01,통영대전고속도로,350,S,213.32,36.32897105,127.478235,137.8407613,36.329031,127.478117,192.1813976,0,TRUE,FALSE,54.34063628,0,0,182
영동지사,26imhh,Patrol,영동_순찰_길_01,통영대전고속도로,350,S,213.33,36.32904126,127.4782898,138.0292758,36.329101,127.478172,192.3539137,0,TRUE,FALSE,54.32463792,0,0,183
영동지사,26imhh,Patrol,영동_순찰_길_01,통영대전고속도로,350,S,213.34,36.32911147,127.4783446,138.2178212,36.329171,127.478227,192.5264299,0,TRUE,FALSE,54.30860866,0,0,184
영동지사,26imhh,Patrol,영동_순찰_길_01,통영대전고속도로,350,S,213.35,36.32918169,127.4783995,138.4063971,36.329241,127.478282,192.698946,0,TRUE,FALSE,54.2925489,0,0,185
영동지사,26imhh,Patrol,영동_순찰_길_01,통영대전고속도로,350,S,213.36,36.3292519,127.4784543,138.5950029,36.329312,127.478336,192.8714621,0,TRUE,FALSE,54.27645924,0,0,186
영동지사,26imhh,Patrol,영동_순찰_길_01,통영대전고속도로,350,S,213.37,36.32932212,127.4785091,138.7836381,36.329382,127.478391,193.0439783,0,TRUE,FALSE,54.26034018,0,0,187
영동지사,26imhh,Patrol,영동_순찰_길_01,통영대전고속도로,350,S,213.38,36.32939233,127.4785639,138.9723022,36.329452,127.478446,193.2164944,0,TRUE,FALSE,54.24419223,0,0,188
영동지사,26imhh,Patrol,영동_순찰_길_01,통영대전고속도로,350,S,213.39,36.32946254,127.4786187,139.1609948,36.329522,127.478501,193.3890106,0,TRUE,FALSE,54.22801577,0,0,189
영동지사,26imhh,Patrol,영동_순찰_길_01,통영대전고속도로,350,S,213.4,36.32953276,127.4786735,139.3497153,36.329592,127.478556,193.5615267,0,TRUE,FALSE,54.21181141,0,0,190
영동지사,26imhh,Patrol,영동_순찰_길_01,통영대전고속도로,350,S,213.41,36.32960297,127.4787283,139.5431291,36.329663,127.47861,193.7340429,0,TRUE,FALSE,54.19091375,0,0,191
영동지사,26imhh,Patrol,영동_순찰_길_01,통영대전고속도로,350,S,213.42,36.32967319,127.4787831,139.7344635,36.329733,127.478665,193.906559,0,TRUE,FALSE,54.17209549,0,0,192
영동지사,26imhh,Patrol,영동_순찰_길_01,통영대전고속도로,350,S,213.43,36.3297434,127.4788379,139.9257996,36.329803,127.47872,194.0790751,0,TRUE,FALSE,54.15327553,0,0,193
영동지사,26imhh,Patrol,영동_순찰_길_01,통영대전고속도로,350,S,213.44,36.32981361,127.4788927,140.1171373,36.329873,127.478775,194.2515913,0,TRUE,FALSE,54.13445398,0,0,194
영동지사,26imhh,Patrol,영동_순찰_길_01,통영대전고속도로,350,S,213.45,36.32988383,127.4789475,140.3084767,36.329944,127.47883,194.4241074,0,TRUE,FALSE,54.11563072,0,0,195
영동지사,26imhh,Patrol,영동_순찰_길_01,통영대전고속도로,350,S,213.46,36.32995404,127.4790023,140.4998178,36.330014,127.478885,194.5966236,0,TRUE,FALSE,54.09680576,0,0,196
영동지사,26imhh,Patrol,영동_순찰_길_01,통영대전고속도로,350,S,213.47,36.33002425,127.4790571,140.6911608,36.330084,127.478939,194.7691397,0,TRUE,FALSE,54.0779789,0,0,197
영동지사,26imhh,Patrol,영동_순찰_길_01,통영대전고속도로,350,S,213.48,36.33009447,127.4791119,140.8825057,36.330154,127.478994,194.9416558,0,TRUE,FALSE,54.05915014,0,0,198
영동지사,26imhh,Patrol,영동_순찰_길_01,통영대전고속도로,350,S,213.49,36.33016468,127.4791667,141.0738524,36.330224,127.479049,195.114172,0,TRUE,FALSE,54.04031958,0,0,199
영동지사,26imhh,Patrol,영동_순찰_길_01,통영대전고속도로,350,S,213.5,36.33023489,127.4792216,141.2682939,36.33029,127.4791,195.2866881,0,TRUE,TRUE,54.01839423,0,0,200
영동지사,26imhh,Patrol,영동_순찰_길_01,통영대전고속도로,350,S,213.51,36.33031946,127.4792739,141.4600891,36.33037,127.479149,195.4592043,0,TRUE,FALSE,53.99911517,0,0,201
영동지사,26imhh,Patrol,영동_순찰_길_01,통영대전고속도로,350,S,213.52,36.33040403,127.4793263,141.654714,36.330454,127.479202,195.6317204,0,TRUE,FALSE,53.97700641,0,0,202
영동지사,26imhh,Patrol,영동_순찰_길_01,통영대전고속도로,350,S,213.53,36.3304886,127.4793786,141.8574655,36.330539,127.479254,195.8042366,0,TRUE,FALSE,53.94677105,0,0,203
영동지사,26imhh,Patrol,영동_순찰_길_01,통영대전고속도로,350,S,213.54,36.33057317,127.479431,142.0566575,36.330623,127.479306,195.9767527,0,TRUE,FALSE,53.92009519,0,0,204
영동지사,26imhh,Patrol,영동_순찰_길_01,통영대전고속도로,350,S,213.55,36.33065773,127.4794833,142.2559521,36.330708,127.479359,196.1492688,0,TRUE,FALSE,53.89331673,0,0,205
영동지사,26imhh,Patrol,영동_순찰_길_01,통영대전고속도로,350,S,213.56,36.3307423,127.4795357,142.455352,36.330792,127.479411,196.321785,0,TRUE,FALSE,53.86643297,0,0,206
영동지사,26imhh,Patrol,영동_순찰_길_01,통영대전고속도로,350,S,213.57,36.33082687,127.479588,142.6548598,36.330877,127.479463,196.4943011,0,TRUE,FALSE,53.83944132,0,0,207
영동지사,26imhh,Patrol,영동_순찰_길_01,통영대전고속도로,350,S,213.58,36.33091144,127.4796404,142.8544782,36.330962,127.479516,196.6668173,0,TRUE,FALSE,53.81233906,0,0,208
영동지사,26imhh,Patrol,영동_순찰_길_01,통영대전고속도로,350,S,213.59,36.330996,127.4796927,143.05421,36.331046,127.479568,196.8393334,0,TRUE,FALSE,53.7851234,0,0,209
영동지사,26imhh,Patrol,영동_순찰_길_01,통영대전고속도로,350,S,213.6,36.33108057,127.4797451,143.2622118,36.331125,127.479617,197.0118495,0,TRUE,TRUE,53.74963774,0,0,210
영동지사,26imhh,Patrol,영동_순찰_길_01,통영대전고속도로,350,S,213.61,36.33116138,127.4797825,143.4452044,36.331201,127.479652,197.1843657,0,TRUE,FALSE,53.73916128,0,0,211
영동지사,26imhh,Patrol,영동_순찰_길_01,통영대전고속도로,350,S,213.62,36.3312422,127.4798199,143.6314481,36.331281,127.479689,197.3568818,0,TRUE,FALSE,53.72543372,0,0,212
영동지사,26imhh,Patrol,영동_순찰_길_01,통영대전고속도로,350,S,213.63,36.33132301,127.4798573,143.8177014,36.331362,127.479727,197.529398,0,TRUE,FALSE,53.71169657,0,0,213
영동지사,26imhh,Patrol,영동_순찰_길_01,통영대전고속도로,350,S,213.64,36.33140382,127.4798947,144.0039641,36.331443,127.479764,197.7019141,0,TRUE,FALSE,53.69795001,0,0,214
영동지사,26imhh,Patrol,영동_순찰_길_01,통영대전고속도로,350,S,213.65,36.33148464,127.4799321,144.1902363,36.331524,127.479802,197.8744303,0,TRUE,FALSE,53.68419395,0,0,215
영동지사,26imhh,Patrol,영동_순찰_길_01,통영대전고속도로,350,S,213.66,36.33156545,127.4799695,144.3765178,36.331605,127.479839,198.0469464,0,TRUE,FALSE,53.67042859,0,0,216
영동지사,26imhh,Patrol,영동_순찰_길_01,통영대전고속도로,350,S,213.67,36.33164626,127.4800069,144.5628087,36.331685,127.479876,198.2194625,0,TRUE,FALSE,53.65665383,0,0,217
영동지사,26imhh,Patrol,영동_순찰_길_01,통영대전고속도로,350,S,213.68,36.33172707,127.4800443,144.7491088,36.331766,127.479914,198.3919787,0,TRUE,FALSE,53.64286987,0,0,218
영동지사,26imhh,Patrol,영동_순찰_길_01,통영대전고속도로,350,S,213.69,36.33180788,127.4800817,144.9354182,36.331847,127.479951,198.5644948,0,TRUE,FALSE,53.62907662,0,0,219
영동지사,26imhh,Patrol,영동_순찰_길_01,통영대전고속도로,350,S,213.7,36.3318887,127.4801191,145.1349294,36.331922,127.479986,198.737011,0,TRUE,TRUE,53.60208156,0,0,220
영동지사,26imhh,Patrol,영동_순찰_길_01,통영대전고속도로,350,S,213.71,36.33197379,127.4801462,145.3151382,36.332002,127.480011,198.9095271,0,TRUE,FALSE,53.5943889,0,0,221
영동지사,26imhh,Patrol,영동_순찰_길_01,통영대전고속도로,350,S,213.72,36.33205888,127.4801734,145.4984513,36.332087,127.480039,199.0820432,0,TRUE,FALSE,53.58359194,0,0,222
영동지사,26imhh,Patrol,영동_순찰_길_01,통영대전고속도로,350,S,213.73,36.33214398,127.4802005,145.6817686,36.332172,127.480066,199.2545594,0,TRUE,FALSE,53.57279078,0,0,223
영동지사,26imhh,Patrol,영동_순찰_길_01,통영대전고속도로,350,S,213.74,36.33222907,127.4802277,145.8650901,36.332257,127.480093,199.4270755,0,TRUE,FALSE,53.56198542,0,0,224
영동지사,26imhh,Patrol,영동_순찰_길_01,통영대전고속도로,350,S,213.75,36.33231416,127.4802548,146.0484158,36.332342,127.48012,199.5995917,0,TRUE,FALSE,53.55117587,0,0,225
영동지사,26imhh,Patrol,영동_순찰_길_01,통영대전고속도로,350,S,213.76,36.33239925,127.4802819,146.2317456,36.332427,127.480147,199.7721078,0,TRUE,FALSE,53.54036221,0,0,226
영동지사,26imhh,Patrol,영동_순찰_길_01,통영대전고속도로,350,S,213.77,36.33248435,127.4803091,146.4150796,36.332512,127.480174,199.944624,0,TRUE,FALSE,53.52954435,0,0,227
영동지사,26imhh,Patrol,영동_순찰_길_01,통영대전고속도로,350,S,213.78,36.33256944,127.4803362,146.5984176,36.332597,127.480201,200.1171401,0,TRUE,FALSE,53.51872249,0,0,228
영동지사,26imhh,Patrol,영동_순찰_길_01,통영대전고속도로,350,S,213.79,36.33265453,127.4803633,146.7817597,36.332682,127.480228,200.2896562,0,TRUE,FALSE,53.50789653,0,0,229
영동지사,26imhh,Patrol,영동_순찰_길_01,통영대전고속도로,350,S,213.8,36.33273963,127.4803905,146.9678817,36.332764,127.480254,200.4621724,0,FALSE,TRUE,53.49429067,0,0,230
영동지사,26imhh,Patrol,영동_순찰_길_01,통영대전고속도로,350,S,213.81,36.33282284,127.4804091,147.1719474,36.332843,127.480272,200.6346885,0,FALSE,FALSE,53.46274112,0,0,231
영동지사,26imhh,Patrol,영동_순찰_길_01,통영대전고속도로,350,S,213.82,36.33290606,127.4804278,147.3716392,36.332926,127.480291,200.8072047,0,FALSE,FALSE,53.43556546,0,0,232
영동지사,26imhh,Patrol,영동_순찰_길_01,통영대전고속도로,350,S,213.83,36.33298928,127.4804464,147.5712549,36.333009,127.480309,200.9797208,0,FALSE,FALSE,53.4084659,0,0,233
영동지사,26imhh,Patrol,영동_순찰_길_01,통영대전고속도로,350,S,213.84,36.33307249,127.480465,147.7707935,36.333092,127.480328,201.1522369,0,FALSE,TRUE,53.38144344,0,0,234
영동지사,26imhh,Patrol,영동_순찰_길_01,통영대전고속도로,350,S,213.85,36.33315571,127.4804837,147.9702543,36.333176,127.480347,201.7510101,0,FALSE,FALSE,53.78075583,0,0,235
영동지사,26imhh,Patrol,영동_순찰_길_01,통영대전고속도로,350,S,213.86,36.33323892,127.4805023,148.1696362,36.333259,127.480365,202.3497833,0,FALSE,FALSE,54.18014713,0,0,236
영동지사,26imhh,Patrol,영동_순찰_길_01,통영대전고속도로,350,S,213.87,36.33332214,127.480521,148.3689382,36.333342,127.480384,203.1358185,0,FALSE,FALSE,54.76688028,0,0,237
영동지사,26imhh,Patrol,영동_순찰_길_01,통영대전고속도로,350,S,213.88,36.33340536,127.4805396,148.5681594,36.333425,127.480403,203.8368835,0,FALSE,TRUE,55.26872414,0,0,238
영동지사,26imhh,Patrol,영동_순찰_길_01,통영대전고속도로,350,S,213.89,36.33348857,127.4805583,148.7672987,36.333508,127.480421,204.1461029,0,FALSE,FALSE,55.37880421,0,0,239
영동지사,26imhh,Patrol,영동_순찰_길_01,통영대전고속도로,350,S,213.9,36.33357179,127.4805769,148.9429928,36.33359,127.480439,204.265937,100,FALSE,TRUE,55.32294416,0,0,240
영동지사,26imhh,Patrol,영동_순찰_길_01,통영대전고속도로,350,S,213.91,36.33366516,127.4805936,149.1672357,36.333681,127.480456,204.385771,100,FALSE,FALSE,55.21853531,0,0,241
영동지사,26imhh,Patrol,영동_순찰_길_01,통영대전고속도로,350,S,213.92,36.33375853,127.4806102,149.3707721,36.333774,127.480472,204.5056051,100,FALSE,FALSE,55.13483296,0,0,242
영동지사,26imhh,Patrol,영동_순찰_길_01,통영대전고속도로,350,S,213.93,36.33385189,127.4806269,149.5743098,36.333868,127.480489,204.6254391,100,FALSE,FALSE,55.05112932,0,0,243
영동지사,26imhh,Patrol,영동_순찰_길_01,통영대전고속도로,350,S,213.94,36.33394526,127.4806435,149.7778488,36.333961,127.480506,204.7452732,100,FALSE,FALSE,54.96742437,0,0,244
영동지사,26imhh,Patrol,영동_순찰_길_01,통영대전고속도로,350,S,213.95,36.33403863,127.4806602,149.9813891,36.334055,127.480522,204.8651072,100,FALSE,FALSE,54.88371812,0,0,245
영동지사,26imhh,Patrol,영동_순찰_길_01,통영대전고속도로,350,S,213.96,36.334132,127.4806768,150.1849307,36.334148,127.480539,204.9849413,100,FALSE,FALSE,54.80001057,0,0,246
영동지사,26imhh,Patrol,영동_순찰_길_01,통영대전고속도로,350,S,213.97,36.33422537,127.4806935,150.3884735,36.334241,127.480556,205.1047753,100,FALSE,FALSE,54.71630182,0,0,247
영동지사,26imhh,Patrol,영동_순찰_길_01,통영대전고속도로,350,S,213.98,36.33431873,127.4807101,150.5920177,36.334335,127.480572,205.2246094,100,FALSE,FALSE,54.63259168,0,0,248
영동지사,26imhh,Patrol,영동_순찰_길_01,통영대전고속도로,350,S,213.99,36.3344121,127.4807268,150.7953602,36.334428,127.480589,205.3444434,100,FALSE,FALSE,54.54908323,0,0,249
영동지사,26imhh,Patrol,영동_순찰_길_01,통영대전고속도로,350,S,214,36.33450547,127.4807434,150.9134745,36.334521,127.480606,205.4642775,0,TRUE,FALSE,54.55080298,0,0,250
영동지사,26imhh,Patrol,영동_순찰_길_01,통영대전고속도로,350,S,214.01,36.33458616,127.4807575,151.1506846,36.334602,127.48062,205.5841115,0,TRUE,FALSE,54.43342693,0,0,251
영동지사,26imhh,Patrol,영동_순찰_길_01,통영대전고속도로,350,S,214.02,36.33466684,127.4807716,151.3061629,36.334682,127.480634,205.7039456,0,TRUE,FALSE,54.39778268,0,0,252
영동지사,26imhh,Patrol,영동_순찰_길_01,통영대전고속도로,350,S,214.03,36.33474753,127.4807856,151.4616422,36.334763,127.480648,205.8237796,0,TRUE,FALSE,54.36213743,0,0,253
영동지사,26imhh,Patrol,영동_순찰_길_01,통영대전고속도로,350,S,214.04,36.33482822,127.4807997,151.6171225,36.334844,127.480662,205.9436137,0,TRUE,FALSE,54.32649119,0,0,254
영동지사,26imhh,Patrol,영동_순찰_길_01,통영대전고속도로,350,S,214.05,36.3349089,127.4808137,151.7726038,36.334924,127.480676,206.0634477,0,FALSE,FALSE,54.29084394,0,0,255
영동지사,26imhh,Patrol,영동_순찰_길_01,통영대전고속도로,350,S,214.06,36.33498959,127.4808278,151.9280861,36.335005,127.48069,206.1832818,0,FALSE,FALSE,54.25519569,0,0,256
영동지사,26imhh,Patrol,영동_순찰_길_01,통영대전고속도로,350,S,214.07,36.33507028,127.4808419,152.0835693,36.335086,127.480704,206.3031158,0,FALSE,TRUE,54.21954654,0,0,257
영동지사,26imhh,Patrol,영동_순찰_길_01,통영대전고속도로,350,S,214.08,36.33515096,127.4808559,152.2390535,36.335167,127.480718,206.5968888,0,FALSE,FALSE,54.35783532,0,0,258
영동지사,26imhh,Patrol,영동_순찰_길_01,통영대전고속도로,350,S,214.09,36.33523165,127.48087,152.3945388,36.335247,127.480732,206.8906618,0,TRUE,FALSE,54.496123,0,0,259
영동지사,26imhh,Patrol,영동_순찰_길_01,통영대전고속도로,350,S,214.1,36.33531233,127.4808841,152.4221316,36.335328,127.480746,207.1844348,0,TRUE,FALSE,54.76230317,0,0,260
영동지사,26imhh,Patrol,영동_순찰_길_01,통영대전고속도로,350,S,214.11,36.33540516,127.4809005,152.6922073,36.335421,127.480763,207.4782078,0,TRUE,FALSE,54.78600045,0,0,261
영동지사,26imhh,Patrol,영동_순찰_길_01,통영대전고속도로,350,S,214.12,36.33549798,127.480917,152.8326367,36.335514,127.480779,207.7719807,0,TRUE,FALSE,54.93934403,0,0,262
영동지사,26imhh,Patrol,영동_순찰_길_01,통영대전고속도로,350,S,214.13,36.33559081,127.4809335,152.9730644,36.335607,127.480796,208.0657537,0,TRUE,FALSE,55.09268931,0,0,263
영동지사,26imhh,Patrol,영동_순찰_길_01,통영대전고속도로,350,S,214.14,36.33568363,127.48095,153.1134904,36.3357,127.480812,208.3595267,0,TRUE,FALSE,55.24603629,0,0,264
영동지사,26imhh,Patrol,영동_순찰_길_01,통영대전고속도로,350,S,214.15,36.33577646,127.4809665,153.2539146,36.335792,127.480829,208.6532997,0,TRUE,FALSE,55.39938507,0,0,265
영동지사,26imhh,Patrol,영동_순찰_길_01,통영대전고속도로,350,S,214.16,36.33586928,127.480983,153.3943371,36.335885,127.480845,208.9470726,0,TRUE,FALSE,55.55273554,0,0,266
영동지사,26imhh,Patrol,영동_순찰_길_01,통영대전고속도로,350,S,214.17,36.33596211,127.4809994,153.5347578,36.335978,127.480862,209.2408456,0,TRUE,FALSE,55.70608782,0,0,267
영동지사,26imhh,Patrol,영동_순찰_길_01,통영대전고속도로,350,S,214.18,36.33605493,127.4810159,153.6751769,36.336071,127.480878,209.5346186,0,TRUE,FALSE,55.8594417,0,0,268
영동지사,26imhh,Patrol,영동_순찰_길_01,통영대전고속도로,350,S,214.19,36.33614776,127.4810324,153.8155942,36.336164,127.480895,209.8283916,0,TRUE,FALSE,56.01279738,0,0,269
영동지사,26imhh,Patrol,영동_순찰_길_01,통영대전고속도로,350,S,214.2,36.33624058,127.4810489,153.8626601,36.336255,127.480911,210.1221646,0,TRUE,TRUE,56.25950446,0,0,270
영동지사,26imhh,Patrol,영동_순찰_길_01,통영대전고속도로,350,S,214.21,36.33632315,127.48106,154.0213747,36.336335,127.480922,210.4159375,0,FALSE,FALSE,56.39456284,0,0,271
영동지사,26imhh,Patrol,영동_순찰_길_01,통영대전고속도로,350,S,214.22,36.33640573,127.4810711,154.0734857,36.336418,127.480933,210.7097105,0,FALSE,FALSE,56.63622481,0,0,272
영동지사,26imhh,Patrol,영동_순찰_길_01,통영대전고속도로,350,S,214.23,36.3364883,127.4810823,154.1244684,36.3365,127.480944,211.0034835,0,FALSE,FALSE,56.87901509,0,0,273
영동지사,26imhh,Patrol,영동_순찰_길_01,통영대전고속도로,350,S,214.24,36.33657087,127.4810934,154.1755177,36.336583,127.480955,211.2972565,0,FALSE,TRUE,57.12173877,0,0,274
영동지사,26imhh,Patrol,영동_순찰_길_01,통영대전고속도로,350,S,214.25,36.33665344,127.4811045,154.2266317,36.336666,127.480966,210.3582382,0,FALSE,FALSE,56.13160652,0,0,275
영동지사,26imhh,Patrol,영동_순찰_길_01,통영대전고속도로,350,S,214.26,36.33673601,127.4811156,154.2778084,36.336748,127.480977,209.41922,0,FALSE,FALSE,55.14141157,0,0,276
영동지사,26imhh,Patrol,영동_순찰_길_01,통영대전고속도로,350,S,214.27,36.33681858,127.4811268,154.3290459,36.336831,127.480988,208.4802017,0,FALSE,FALSE,54.15115582,0,0,277
영동지사,26imhh,Patrol,영동_순찰_길_01,통영대전고속도로,350,S,214.28,36.33690116,127.4811379,154.3803427,36.336913,127.481,207.5411835,0,FALSE,FALSE,53.16084077,0,0,278
영동지사,26imhh,Patrol,영동_순찰_길_01,통영대전고속도로,350,S,214.29,36.33698373,127.481149,154.4316969,36.336996,127.481011,206.5075729,0,FALSE,FALSE,52.07587595,0,0,279
영동지사,26imhh,Patrol,영동_순찰_길_01,통영대전고속도로,350,S,214.3,36.3370663,127.4811601,154.316454,36.33708,127.481022,205.4739622,0,TRUE,FALSE,51.15750822,0,0,280
영동지사,26imhh,Patrol,영동_순찰_길_01,통영대전고속도로,350,S,214.31,36.3371598,127.4811757,154.4403516,36.337175,127.481038,204.4403516,0,TRUE,TRUE,50,0,0,281
영동지사,26imhh,Patrol,영동_순찰_길_01,통영대전고속도로,350,S,214.32,36.33725331,127.4811913,154.3975618,36.337268,127.481053,204.3975618,0,TRUE,FALSE,50,0,0,282
영동지사,26imhh,Patrol,영동_순찰_길_01,통영대전고속도로,350,S,214.33,36.33734681,127.4812069,154.354732,36.337362,127.481069,204.354732,0,TRUE,FALSE,50,0,0,283
영동지사,26imhh,Patrol,영동_순찰_길_01,통영대전고속도로,350,S,214.34,36.33744032,127.4812224,154.3118624,36.337455,127.481084,204.3118624,0,TRUE,FALSE,50,0,0,284
영동지사,26imhh,Patrol,영동_순찰_길_01,통영대전고속도로,350,S,214.35,36.33753382,127.481238,154.2592132,36.337549,127.4811,204.2592132,0,TRUE,FALSE,50,0,0,285
영동지사,26imhh,Patrol,영동_순찰_길_01,통영대전고속도로,350,S,214.36,36.33762732,127.4812536,154.2008752,36.337642,127.481116,204.2008752,0,TRUE,FALSE,50,0,0,286
영동지사,26imhh,Patrol,영동_순찰_길_01,통영대전고속도로,350,S,214.37,36.33772083,127.4812692,154.1425626,36.337736,127.481131,204.1425626,0,TRUE,FALSE,50,0,0,287
영동지사,26imhh,Patrol,영동_순찰_길_01,통영대전고속도로,350,S,214.38,36.33781433,127.4812848,154.0842754,36.337829,127.481147,204.0842754,0,TRUE,FALSE,50,0,0,288
영동지사,26imhh,Patrol,영동_순찰_길_01,통영대전고속도로,350,S,214.39,36.33790784,127.4813003,154.0260133,36.337923,127.481162,204.0260133,0,TRUE,FALSE,50,0,0,289
영동지사,26imhh,Patrol,영동_순찰_길_01,통영대전고속도로,350,S,214.4,36.33800134,127.4813159,153.9676183,36.338017,127.481178,203.9676183,0,TRUE,TRUE,50,0,0,290
영동지사,26imhh,Patrol,영동_순찰_길_01,통영대전고속도로,350,S,214.41,36.33809065,127.4813315,153.8327875,36.338106,127.481194,203.8327875,0,TRUE,FALSE,50,0,0,291
영동지사,26imhh,Patrol,영동_순찰_길_01,통영대전고속도로,350,S,214.42,36.33817996,127.481347,153.6977818,36.338196,127.481209,203.6977818,0,TRUE,FALSE,50,0,0,292
영동지사,26imhh,Patrol,영동_순찰_길_01,통영대전고속도로,350,S,214.43,36.33826928,127.4813626,153.5627621,36.338285,127.481225,203.5627621,0,TRUE,FALSE,50,0,0,293
영동지사,26imhh,Patrol,영동_순찰_길_01,통영대전고속도로,350,S,214.44,36.33835859,127.4813781,153.4277284,36.338374,127.48124,203.4277284,0,TRUE,FALSE,50,0,0,294
영동지사,26imhh,Patrol,영동_순찰_길_01,통영대전고속도로,350,S,214.45,36.3384479,127.4813937,153.2882113,36.338463,127.481256,203.2882113,0,TRUE,FALSE,50,0,0,295
영동지사,26imhh,Patrol,영동_순찰_길_01,통영대전고속도로,350,S,214.46,36.33853722,127.4814093,153.1427136,36.338553,127.481271,203.1427136,0,TRUE,FALSE,50,0,0,296
영동지사,26imhh,Patrol,영동_순찰_길_01,통영대전고속도로,350,S,214.47,36.33862653,127.4814248,152.997228,36.338642,127.481287,202.997228,0,TRUE,FALSE,50,0,0,297
영동지사,26imhh,Patrol,영동_순찰_길_01,통영대전고속도로,350,S,214.48,36.33871584,127.4814404,152.8517545,36.338731,127.481303,202.8517545,0,TRUE,FALSE,50,0,0,298
영동지사,26imhh,Patrol,영동_순찰_길_01,통영대전고속도로,350,S,214.49,36.33880515,127.4814559,152.7062931,36.338821,127.481318,202.7062931,0,TRUE,FALSE,50,0,0,299
영동지사,26imhh,Patrol,영동_순찰_길_01,통영대전고속도로,350,S,214.5,36.33889447,127.4814715,152.5592135,36.338908,127.481333,202.5592135,0,TRUE,TRUE,50,0,0,300
영동지사,26imhh,Patrol,영동_순찰_길_01,통영대전고속도로,350,S,214.51,36.33899494,127.4814842,152.301507,36.339006,127.481346,202.301507,0,TRUE,FALSE,50,0,0,301
영동지사,26imhh,Patrol,영동_순찰_길_01,통영대전고속도로,350,S,214.52,36.33909541,127.481497,152.0418899,36.339107,127.481358,202.0418899,0,TRUE,FALSE,50,0,0,302
영동지사,26imhh,Patrol,영동_순찰_길_01,통영대전고속도로,350,S,214.53,36.33919589,127.4815097,151.7819677,36.339207,127.481371,201.7819677,0,TRUE,FALSE,50,0,0,303
영동지사,26imhh,Patrol,영동_순찰_길_01,통영대전고속도로,350,S,214.54,36.33929636,127.4815224,151.5217541,36.339308,127.481384,201.5217541,0,TRUE,FALSE,50,0,0,304
영동지사,26imhh,Patrol,영동_순찰_길_01,통영대전고속도로,350,S,214.55,36.33939683,127.4815352,151.2582118,36.339408,127.481397,201.2582118,0,TRUE,FALSE,50,0,0,305
영동지사,26imhh,Patrol,영동_순찰_길_01,통영대전고속도로,350,S,214.56,36.33949731,127.4815479,150.984311,36.339509,127.481409,200.984311,0,TRUE,FALSE,50,0,0,306
영동지사,26imhh,Patrol,영동_순찰_길_01,통영대전고속도로,350,S,214.57,36.33959778,127.4815607,150.7105372,36.339609,127.481422,200.7105372,0,TRUE,FALSE,50,0,0,307
영동지사,26imhh,Patrol,영동_순찰_길_01,통영대전고속도로,350,S,214.58,36.33969825,127.4815734,150.4368845,36.33971,127.481435,200.4368845,0,TRUE,FALSE,50,0,0,308
영동지사,26imhh,Patrol,영동_순찰_길_01,통영대전고속도로,350,S,214.59,36.33979872,127.4815861,150.1633475,36.33981,127.481448,200.1633475,0,TRUE,TRUE,50,0,0,309
영동지사,26imhh,Patrol,영동_순찰_길_01,통영대전고속도로,350,S,214.6,36.3398992,127.4815989,149.981925,36.339918,127.4814314,199.981925,0,TRUE,TRUE,50,0,0,310
영동지사,26imhh,Patrol,영동_순찰_길_01,통영대전고속도로,350,S,214.61,36.33997726,127.4816219,149.6684019,36.340003,127.4814377,199.6684019,0,TRUE,TRUE,50,0,0,311
영동지사,26imhh,Patrol,영동_순찰_길_01,통영대전고속도로,350,S,214.62,36.34005533,127.4816449,149.4466637,36.340081,127.4814332,199.4466637,0,TRUE,FALSE,50,0,0,312
영동지사,26imhh,Patrol,영동_순찰_길_01,통영대전고속도로,350,S,214.63,36.34013339,127.4816679,149.2248622,36.340159,127.4814326,199.2248622,0,TRUE,FALSE,50,0,0,313
영동지사,26imhh,Patrol,영동_순찰_길_01,통영대전고속도로,350,S,214.64,36.34021146,127.4816909,149.0029932,36.340237,127.4814303,199.0029932,0,TRUE,FALSE,50,0,0,314
영동지사,26imhh,Patrol,영동_순찰_길_01,통영대전고속도로,350,S,214.65,36.34028953,127.4817139,148.7810523,36.340315,127.4814288,198.7810523,0,TRUE,FALSE,50,0,0,315
영동지사,26imhh,Patrol,영동_순찰_길_01,통영대전고속도로,350,S,214.66,36.34036759,127.4817369,148.5590345,36.340393,127.481424,198.5590345,0,TRUE,FALSE,50,0,0,316
영동지사,26imhh,Patrol,영동_순찰_길_01,통영대전고속도로,350,S,214.67,36.34044566,127.4817599,148.3369344,36.340472,127.4814228,198.3369344,0,TRUE,FALSE,50,0,0,317
영동지사,26imhh,Patrol,영동_순찰_길_01,통영대전고속도로,350,S,214.68,36.34052372,127.4817829,148.114746,36.34055,127.4814215,198.114746,0,TRUE,FALSE,50,0,0,318
영동지사,26imhh,Patrol,영동_순찰_길_01,통영대전고속도로,350,S,214.69,36.34060179,127.4818059,147.8959867,36.340628,127.4814203,197.8959867,0,TRUE,TRUE,50,0,0,319
영동지사,26imhh,Patrol,영동_순찰_길_01,통영대전고속도로,350,S,214.7,36.34067985,127.481829,147.6960122,36.340701,127.4813986,197.6960122,0,TRUE,FALSE,50,0,0,320
영동지사,26imhh,Patrol,영동_순찰_길_01,통영대전고속도로,350,S,214.71,36.3407583,127.4818427,147.4324074,36.340774,127.4813839,197.4488221,0,TRUE,TRUE,50.01641468,0,0,321
영동지사,26imhh,Patrol,영동_순찰_길_01,통영대전고속도로,350,S,214.72,36.34083674,127.4818565,147.1920752,36.340853,127.4813826,197.2740338,0,TRUE,FALSE,50.08195864,0,0,322
영동지사,26imhh,Patrol,영동_순찰_길_01,통영대전고속도로,350,S,214.73,36.34091518,127.4818703,146.9517435,36.340931,127.4813814,197.0992456,0,TRUE,FALSE,50.14750211,0,0,323
영동지사,26imhh,Patrol,영동_순찰_길_01,통영대전고속도로,350,S,214.74,36.34099362,127.4818841,146.7114123,36.341009,127.4813802,196.9244574,0,TRUE,FALSE,50.21304507,0,0,324
영동지사,26imhh,Patrol,영동_순찰_길_01,통영대전고속도로,350,S,214.75,36.34107207,127.4818979,146.4710816,36.341088,127.4813788,196.7496691,0,TRUE,FALSE,50.27858753,0,0,325
영동지사,26imhh,Patrol,영동_순찰_길_01,통영대전고속도로,350,S,214.76,36.34115051,127.4819117,146.2307513,36.341166,127.4813775,196.5748809,0,TRUE,FALSE,50.34412959,0,0,326
영동지사,26imhh,Patrol,영동_순찰_길_01,통영대전고속도로,350,S,214.77,36.34122895,127.4819255,145.9904215,36.341245,127.4813762,196.4000927,0,TRUE,FALSE,50.40967115,0,0,327
영동지사,26imhh,Patrol,영동_순찰_길_01,통영대전고속도로,350,S,214.78,36.34130739,127.4819393,145.750092,36.341323,127.481375,196.2253044,0,TRUE,FALSE,50.47521242,0,0,328
영동지사,26imhh,Patrol,영동_순찰_길_01,통영대전고속도로,350,S,214.79,36.34138584,127.4819531,145.509763,36.341402,127.4813738,196.0505162,0,TRUE,FALSE,50.54075318,0,0,329
영동지사,26imhh,Patrol,영동_순찰_길_01,통영대전고속도로,350,S,214.8,36.34146428,127.4819669,145.2929518,36.341476,127.4813728,195.8757279,0,TRUE,FALSE,50.58277614,0,0,330
영동지사,26imhh,Patrol,영동_순찰_길_01,통영대전고속도로,350,S,214.81,36.34155308,127.481975,144.9693998,36.341561,127.4813713,195.7009397,0,TRUE,FALSE,50.7315399,0,0,331
영동지사,26imhh,Patrol,영동_순찰_길_01,통영대전고속도로,350,S,214.82,36.34164189,127.4819832,144.6818824,36.34165,127.4813699,195.5261515,0,TRUE,FALSE,50.84426906,0,0,332
영동지사,26imhh,Patrol,영동_순찰_길_01,통영대전고속도로,350,S,214.83,36.34173069,127.4819913,144.3943777,36.341739,127.4813684,195.3513632,0,TRUE,FALSE,50.95698553,0,0,333
영동지사,26imhh,Patrol,영동_순찰_길_01,통영대전고속도로,350,S,214.84,36.3418195,127.4819994,144.1068856,36.341828,127.4813672,195.176575,0,TRUE,FALSE,51.06968939,-15,-10,334
영동지사,26imhh,Patrol,영동_순찰_길_01,통영대전고속도로,350,S,214.85,36.3419083,127.4820076,143.8194065,36.341917,127.4813657,195.0017868,0,TRUE,FALSE,51.18238025,-15,-10,335
영동지사,26imhh,Patrol,영동_순찰_길_01,통영대전고속도로,350,S,214.86,36.3419971,127.4820157,143.5319404,36.342005,127.4813643,194.8269985,0,TRUE,FALSE,51.29505811,-15,-10,336
영동지사,26imhh,Patrol,영동_순찰_길_01,통영대전고속도로,350,S,214.87,36.34208591,127.4820239,143.2444875,36.342094,127.4813627,194.6522103,0,TRUE,FALSE,51.40772277,-15,-10,337
영동지사,26imhh,Patrol,영동_순찰_길_01,통영대전고속도로,350,S,214.88,36.34217471,127.482032,142.9570479,36.342183,127.4813614,194.477422,0,TRUE,FALSE,51.52037414,-15,-10,338
영동지사,26imhh,Patrol,영동_순찰_길_01,통영대전고속도로,350,S,214.89,36.34226352,127.4820401,142.6696218,36.342272,127.48136,194.3026338,0,TRUE,FALSE,51.633012,-15,-10,339
영동지사,26imhh,Patrol,영동_순찰_길_01,통영대전고속도로,350,S,214.9,36.34235232,127.4820483,142.3738302,36.342351,127.4813588,194.1278456,0,TRUE,FALSE,51.75401536,-15,-10,340
영동지사,26imhh,Patrol,영동_순찰_길_01,통영대전고속도로,350,S,214.91,36.34243903,127.4820378,142.1437364,36.342428,127.4813576,193.9530573,0,TRUE,FALSE,51.80932092,-15,-10,341
영동지사,26imhh,Patrol,영동_순찰_길_01,통영대전고속도로,350,S,214.92,36.34252578,127.482028,141.8580396,36.342515,127.4813562,193.7782691,0,TRUE,FALSE,51.92022948,-15,-10,342
영동지사,26imhh,Patrol,영동_순찰_길_01,통영대전고속도로,350,S,214.93,36.34261245,127.4820171,141.627246,36.3426,127.4813548,193.6034809,0,TRUE,FALSE,51.97623485,-15,-10,343
영동지사,26imhh,Patrol,영동_순찰_길_01,통영대전고속도로,350,S,214.94,36.34269896,127.4820044,141.5018164,36.342683,127.4813535,193.4286926,0,TRUE,FALSE,51.92687621,-15,-10,344
영동지사,26imhh,Patrol,영동_순찰_길_01,통영대전고속도로,350,S,214.95,36.34278492,127.4819868,141.2381204,36.342767,127.4813522,193.2539044,0,TRUE,FALSE,52.01578397,-15,-10,345
영동지사,26imhh,Patrol,영동_순찰_길_01,통영대전고속도로,350,S,214.96,36.34287083,127.4819689,140.9634016,36.34285,127.4813509,193.0791161,0,TRUE,FALSE,52.11571453,-15,-10,346
영동지사,26imhh,Patrol,영동_순찰_길_01,통영대전고속도로,350,S,214.97,36.3429561,127.4819468,140.8066516,36.342933,127.4813495,192.9043279,0,TRUE,FALSE,52.09767629,-15,-10,347
영동지사,26imhh,Patrol,영동_순찰_길_01,통영대전고속도로,350,S,214.98,36.34304124,127.4819239,140.6744625,36.343016,127.4813482,192.7295397,0,TRUE,FALSE,52.05507716,-15,-10,348
영동지사,26imhh,Patrol,영동_순찰_길_01,통영대전고속도로,350,S,214.99,36.34312572,127.4818975,140.3858138,36.343098,127.4813469,192.5547514,0,TRUE,FALSE,52.16893762,-15,-10,349
영동지사,26imhh,Patrol,영동_순찰_길_01,통영대전고속도로,350,S,215,36.34321011,127.4818707,140.0708139,36.343176,127.4813457,192.3799632,0,TRUE,FALSE,52.30914928,-15,-10,350
영동지사,26imhh,Patrol,영동_순찰_길_01,통영대전고속도로,350,S,215.01,36.34329409,127.4818318,139.9186663,36.343255,127.4813445,192.2051749,0,TRUE,TRUE,52.28650864,-15,-10,351
영동지사,26imhh,Patrol,영동_순찰_길_01,통영대전고속도로,350,S,215.02,36.34337807,127.481793,139.7655551,36.343337,127.481356,192.0303867,0,TRUE,FALSE,52.2648316,-15,-10,352
영동지사,26imhh,Patrol,영동_순찰_길_01,통영대전고속도로,350,S,215.03,36.3434607,127.4817499,139.6298856,36.343417,127.481376,191.8555985,0,TRUE,TRUE,52.22571287,-15,-10,353
영동지사,26imhh,Patrol,영동_순찰_길_01,통영대전고속도로,350,S,215.04,36.343543,127.4817059,139.4855378,36.343497,127.4813747,191.6808102,0,TRUE,FALSE,52.19527243,-15,-10,354
영동지사,26imhh,Patrol,영동_순찰_길_01,통영대전고속도로,350,S,215.05,36.34362397,127.4816582,139.3085368,36.343576,127.4813734,191.506022,0,TRUE,FALSE,52.19748519,-15,-10,355
영동지사,26imhh,Patrol,영동_순찰_길_01,통영대전고속도로,350,S,215.06,36.34370494,127.4816105,139.1321628,36.343655,127.4813722,191.3312338,0,TRUE,FALSE,52.19907095,-15,-10,356
영동지사,26imhh,Patrol,영동_순찰_길_01,통영대전고속도로,350,S,215.07,36.34378435,127.481559,138.9845777,36.343732,127.481371,191.1564455,0,TRUE,FALSE,52.17186781,-15,-10,357
영동지사,26imhh,Patrol,영동_순찰_길_01,통영대전고속도로,350,S,215.08,36.34386309,127.4815059,138.8404452,36.343807,127.4813698,190.9816573,0,TRUE,TRUE,52.14121208,0,0,358
영동지사,26imhh,Patrol,영동_순찰_길_01,통영대전고속도로,350,S,215.09,36.34393989,127.4814485,138.6884715,36.343882,127.481329,190.806869,0,TRUE,TRUE,52.11839754,0,0,359
영동지사,26imhh,Patrol,영동_순찰_길_01,통영대전고속도로,350,S,215.1,36.34401669,127.4813912,140.6320808,36.343955,127.481275,190.6320808,0,TRUE,TRUE,50,0,0,360
영동지사,26imhh,Patrol,영동_순찰_길_01,통영대전고속도로,350,S,215.11,36.34408746,127.4813279,138.3983011,36.344022,127.481215,190.5964206,0,TRUE,FALSE,52.19811946,0,0,361
영동지사,26imhh,Patrol,영동_순찰_길_01,통영대전고속도로,350,S,215.12,36.34415822,127.4812645,138.2615425,36.344092,127.481152,190.5607603,0,TRUE,FALSE,52.29921782,0,0,362
영동지사,26imhh,Patrol,영동_순찰_길_01,통영대전고속도로,350,S,215.13,36.34422783,127.4811994,138.1264471,36.344158,127.481091,190.5251001,0,TRUE,TRUE,52.39865298,0,0,363
영동지사,26imhh,Patrol,영동_순찰_길_01,통영대전고속도로,350,S,215.14,36.34429439,127.4811294,137.9912295,36.344221,127.481024,190.4894398,0,TRUE,FALSE,52.49821034,0,0,364
영동지사,26imhh,Patrol,영동_순찰_길_01,통영대전고속도로,350,S,215.15,36.34436012,127.4810582,137.8397911,36.344284,127.480955,190.4537796,0,TRUE,FALSE,52.6139885,0,0,365
영동지사,26imhh,Patrol,영동_순찰_길_01,통영대전고속도로,350,S,215.16,36.34442318,127.4809834,137.6434052,36.344346,127.480883,190.4181194,0,TRUE,FALSE,52.77471416,0,0,366
영동지사,26imhh,Patrol,영동_순찰_길_01,통영대전고속도로,350,S,215.17,36.34448599,127.4809082,137.4658529,36.344408,127.480809,190.3824591,0,TRUE,TRUE,52.91660622,0,0,367
영동지사,26imhh,Patrol,영동_순찰_길_01,통영대전고속도로,350,S,215.18,36.34454806,127.4808322,137.3351289,36.344468,127.480735,190.3467989,0,TRUE,FALSE,53.01166998,0,0,368
영동지사,26imhh,Patrol,영동_순찰_길_01,통영대전고속도로,350,S,215.19,36.34460801,127.4807536,137.2078763,36.344525,127.480659,190.3111386,0,TRUE,FALSE,53.10326234,0,0,369
영동지사,26imhh,Patrol,영동_순찰_길_01,통영대전고속도로,350,S,215.2,36.34466589,127.4806726,140.2754784,36.344649,127.480487,190.2754784,0,TRUE,TRUE,50,0,0,370
