Region,WP_GroupNo,Type,M_Name,RoadName,RoadNo,Direction,Distance,MS_Lat,MS_Lon,Ms_Alt,WP_Lat,WP_Lon,WP_Alt,Caution,SafeDown,Sampled,r_alt,Gimbal_Pitch,Gimbal_Yaw,Index,Windex,Flag
영동지사,26imhh,Patrol,영동_순찰_길_01,대전남부순환고속도로,3000,E,12.8,36.28348173,127.4505985,109.8223875,36.283398,127.450691,160.2165405,0,TRUE,TRUE,50.39415303,0,0,1,,1
영동지사,26imhh,Patrol,영동_순찰_길_01,대전남부순환고속도로,3000,E,12.81,36.28353806,127.4506859,109.6255808,36.28345,127.450773,159.976264,0,TRUE,FALSE,50.3506832,0,0,2,,
영동지사,26imhh,Patrol,영동_순찰_길_01,대전남부순환고속도로,3000,E,12.82,36.28359439,127.4507732,109.2614314,36.283507,127.45086,159.7359875,0,TRUE,FALSE,50.47455608,0,0,3,,
영동지사,26imhh,Patrol,영동_순찰_길_01,대전남부순환고속도로,3000,E,12.83,36.28365072,127.4508606,108.8959517,36.283563,127.450948,159.495711,0,TRUE,FALSE,50.59975925,-15,-10,4,,
영동지사,26imhh,Patrol,영동_순찰_길_01,대전남부순환고속도로,3000,E,12.84,36.28370705,127.450948,108.5292209,36.283619,127.451035,159.2554344,0,TRUE,FALSE,50.72621352,-15,-10,5,,
영동지사,26imhh,Patrol,영동_순찰_길_01,대전남부순환고속도로,3000,E,12.85,36.28376338,127.4510354,108.1613118,36.283676,127.451123,159.0151579,0,TRUE,FALSE,50.85384609,-15,-10,6,,
영동지사,26imhh,Patrol,영동_순찰_길_01,대전남부순환고속도로,3000,E,12.86,36.28381998,127.4511225,107.8110301,36.283733,127.45121,158.7748814,0,TRUE,FALSE,50.96385126,-15,-10,7,,
영동지사,26imhh,Patrol,영동_순찰_길_01,대전남부순환고속도로,3000,E,12.87,36.28387709,127.4512091,107.4951054,36.28379,127.451297,158.5346048,0,TRUE,FALSE,51.03949944,-15,-10,8,,
영동지사,26imhh,Patrol,영동_순찰_길_01,대전남부순환고속도로,3000,E,12.88,36.2839342,127.4512957,107.1785822,36.283847,127.451383,158.2943283,0,TRUE,FALSE,51.11574611,-15,-10,9,,
영동지사,26imhh,Patrol,영동_순찰_길_01,대전남부순환고속도로,3000,E,12.89,36.28399037,127.4513832,106.8107467,36.283902,127.45147,158.0540518,0,TRUE,FALSE,51.24330508,-15,-10,10,,
영동지사,26imhh,Patrol,영동_순찰_길_01,대전남부순환고속도로,3000,E,12.9,36.28404626,127.451471,106.4268119,36.283958,127.451557,157.8137753,0,TRUE,FALSE,51.38696335,-15,-10,11,,
영동지사,26imhh,Patrol,영동_순찰_길_01,대전남부순환고속도로,3000,E,12.91,36.28410214,127.4515588,106.0418812,36.284012,127.451642,157.5734987,0,TRUE,TRUE,51.53161753,-15,-10,12,,
영동지사,26imhh,Patrol,영동_순찰_길_01,대전남부순환고속도로,3000,E,12.92,36.28415406,127.4516503,105.6933316,36.284062,127.45173,157.3332222,0,TRUE,FALSE,51.6398906,-15,-10,13,,
영동지사,26imhh,Patrol,영동_순찰_길_01,대전남부순환고속도로,3000,E,12.93,36.28420524,127.4517424,105.3508858,36.284113,127.451821,157.0929457,0,TRUE,FALSE,51.74205987,-15,-10,14,,
영동지사,26imhh,Patrol,영동_순찰_길_01,대전남부순환고속도로,3000,E,12.94,36.2842563,127.4518346,104.9985365,36.284163,127.451913,156.8526691,0,TRUE,FALSE,51.85413264,-15,-10,15,,
영동지사,26imhh,Patrol,영동_순찰_길_01,대전남부순환고속도로,3000,E,12.95,36.28430655,127.4519276,104.5831842,36.284213,127.452005,156.6123926,0,FALSE,FALSE,52.02920842,-15,-10,16,,
영동지사,26imhh,Patrol,영동_순찰_길_01,대전남부순환고속도로,3000,E,12.96,36.28435679,127.4520205,104.1666056,36.284263,127.452097,156.3721161,0,FALSE,TRUE,52.20551049,-15,-10,17,,
영동지사,26imhh,Patrol,영동_순찰_길_01,대전남부순환고속도로,3000,E,12.97,36.28440607,127.4521141,103.7452118,36.284311,127.452188,155.880328,0,FALSE,FALSE,52.13511624,-15,-10,18,,
영동지사,26imhh,Patrol,영동_순찰_길_01,대전남부순환고속도로,3000,E,12.98,36.28445247,127.4522101,103.3120733,36.284356,127.452282,155.38854,0,FALSE,FALSE,52.0764667,-15,-10,19,,
영동지사,26imhh,Patrol,영동_순찰_길_01,대전남부순환고속도로,3000,E,12.99,36.28449886,127.452306,102.8779784,36.284403,127.452378,154.896752,0,TRUE,FALSE,52.01877355,-15,-10,20,,
영동지사,26imhh,Patrol,영동_순찰_길_01,대전남부순환고속도로,3000,E,13,36.28454526,127.452402,104.4049639,36.284446,127.452467,154.4049639,0,TRUE,TRUE,50,-15,-10,21,,
영동지사,26imhh,Patrol,영동_순찰_길_01,대전남부순환고속도로,3000,E,13.01,36.28458415,127.4525069,102.0008768,36.284482,127.452565,154.2367823,0,TRUE,FALSE,52.23590552,-15,-10,22,,
영동지사,26imhh,Patrol,영동_순찰_길_01,대전남부순환고속도로,3000,E,13.02,36.28462304,127.4526118,101.5706616,36.284521,127.45267,154.0686007,0,TRUE,FALSE,52.49793913,-15,-10,23,,
영동지사,26imhh,Patrol,영동_순찰_길_01,대전남부순환고속도로,3000,E,13.03,36.28466193,127.4527167,101.1402171,36.28456,127.452775,153.9004192,1000,FALSE,FALSE,52.76020205,-15,-10,24,,
영동지사,26imhh,Patrol,영동_순찰_길_01,대전남부순환고속도로,3000,E,13.04,36.28470082,127.4528216,100.7095626,36.284599,127.45288,153.7322376,1000,FALSE,FALSE,53.02267497,-15,-10,25,,
영동지사,26imhh,Patrol,영동_순찰_길_01,대전남부순환고속도로,3000,E,13.05,36.28473972,127.4529265,100.2787152,36.284638,127.452985,153.564056,1000,FALSE,FALSE,53.28534078,-15,-10,26,,
영동지사,26imhh,Patrol,영동_순찰_길_01,대전남부순환고속도로,3000,E,13.06,36.28477861,127.4530314,99.8476901,36.284677,127.45309,153.3958744,1000,FALSE,FALSE,53.5481843,-15,-10,27,,
영동지사,26imhh,Patrol,영동_순찰_길_01,대전남부순환고속도로,3000,E,13.07,36.2848175,127.4531363,99.4165012,36.284716,127.453194,153.2276928,1000,FALSE,TRUE,53.81119162,0,0,28,,
영동지사,26imhh,Patrol,영동_순찰_길_01,통영대전고속도로,350,S,207.54,36.28457882,127.4532734,106.3483902,36.284636,127.453154,156.3483902,1000,FALSE,TRUE,50,0,0,29,,
영동지사,26imhh,Patrol,영동_순찰_길_01,통영대전고속도로,350,S,207.53,36.284492,127.4532089,106.6273311,36.28455,127.453089,157.0178039,1000,FALSE,FALSE,50.39047279,0,0,30,,
영동지사,26imhh,Patrol,영동_순찰_길_01,통영대전고속도로,350,S,207.52,36.28440519,127.4531445,106.8993799,36.284463,127.453025,157.6872176,1000,FALSE,FALSE,50.78783767,0,0,31,,
영동지사,26imhh,Patrol,영동_순찰_길_01,통영대전고속도로,350,S,207.51,36.28431837,127.4530801,107.1984404,36.284376,127.452961,158.3566313,1000,FALSE,FALSE,51.15819086,0,0,32,,
영동지사,26imhh,Patrol,영동_순찰_길_01,통영대전고속도로,350,S,207.5,36.28423156,127.4530156,107.4906143,36.284284,127.452892,159.026045,1000,FALSE,TRUE,51.53543065,0,0,33,,
영동지사,26imhh,Patrol,영동_순찰_길_01,통영대전고속도로,350,S,207.49,36.28419801,127.4529969,107.650915,36.284244,127.45287,159.6954586,1000,FALSE,FALSE,52.04454363,0,0,34,,
영동지사,26imhh,Patrol,영동_순찰_길_01,통영대전고속도로,350,S,207.48,36.28416447,127.4529782,107.8068611,36.284211,127.452851,160.3648723,0,TRUE,FALSE,52.55801122,0,0,35,,
영동지사,26imhh,Patrol,영동_순찰_길_01,통영대전고속도로,350,S,207.47,36.28413093,127.4529594,107.962827,36.284177,127.452832,161.034286,0,TRUE,FALSE,53.071459,0,0,36,,
영동지사,26imhh,Patrol,영동_순찰_길_01,통영대전고속도로,350,S,207.46,36.28409739,127.4529407,108.1188126,36.284143,127.452814,161.7036997,0,TRUE,FALSE,53.58488709,0,0,37,,
영동지사,26imhh,Patrol,영동_순찰_길_01,통영대전고속도로,350,S,207.45,36.28406384,127.452922,108.2748178,36.28411,127.452795,162.3731134,0,TRUE,FALSE,54.09829558,0,0,38,,
영동지사,26imhh,Patrol,영동_순찰_길_01,통영대전고속도로,350,S,207.44,36.2840303,127.4529032,108.4308424,36.284076,127.452776,163.0425271,0,TRUE,FALSE,54.61168466,-15,-10,39,,
영동지사,26imhh,Patrol,영동_순찰_길_01,통영대전고속도로,350,S,207.43,36.28399676,127.4528845,108.5868862,36.284043,127.452758,163.7119408,0,TRUE,FALSE,55.12505455,-15,-10,40,,
영동지사,26imhh,Patrol,영동_순찰_길_01,통영대전고속도로,350,S,207.42,36.28396321,127.4528658,108.7429491,36.284009,127.452739,164.3813544,0,TRUE,FALSE,55.63840534,-15,-10,41,,
영동지사,26imhh,Patrol,영동_순찰_길_01,통영대전고속도로,350,S,207.41,36.28392967,127.452847,108.8990309,36.283976,127.45272,165.0507681,0,TRUE,FALSE,56.15173722,0,0,42,,
영동지사,26imhh,Patrol,영동_순찰_길_01,통영대전고속도로,350,S,207.4,36.28389613,127.4528283,109.051734,36.28394,127.4527,165.7201818,0,TRUE,TRUE,56.66844781,0,0,43,,
영동지사,26imhh,Patrol,영동_순찰_길_01,통영대전고속도로,350,S,207.39,36.28376481,127.4527647,109.5279285,36.283805,127.452635,166.3895955,0,TRUE,FALSE,56.86166699,0,0,44,,
영동지사,26imhh,Patrol,영동_순찰_길_01,통영대전고속도로,350,S,207.38,36.2836332,127.4527021,110.0036675,36.283671,127.452571,167.0590092,0,TRUE,TRUE,57.05534168,0,0,45,,
영동지사,26imhh,Patrol,영동_순찰_길_01,통영대전고속도로,350,S,207.37,36.28349979,127.4526457,110.4844162,36.283535,127.452514,167.7284229,0,TRUE,FALSE,57.24400667,0,0,46,,
영동지사,26imhh,Patrol,영동_순찰_길_01,통영대전고속도로,350,S,207.36,36.28336561,127.4525923,110.951745,36.283398,127.452459,168.3978366,0,TRUE,FALSE,57.44609155,0,0,47,,
영동지사,26imhh,Patrol,영동_순찰_길_01,통영대전고속도로,350,S,207.35,36.28323014,127.4525439,111.3822222,36.283257,127.452409,169.0672502,0,TRUE,TRUE,57.68502804,0,0,48,,
영동지사,26imhh,Patrol,영동_순찰_길_01,통영대전고속도로,350,S,207.34,36.28309234,127.4525073,111.8823706,36.283115,127.452371,169.7366639,0,TRUE,FALSE,57.85429333,0,0,49,,
영동지사,26imhh,Patrol,영동_순찰_길_01,통영대전고속도로,350,S,207.33,36.28295416,127.4524728,112.3737293,36.282975,127.452336,170.4060776,0,FALSE,FALSE,58.03234831,0,0,50,,
영동지사,26imhh,Patrol,영동_순찰_길_01,통영대전고속도로,350,S,207.32,36.28281544,127.4524417,112.973492,36.282834,127.452304,171.0754913,0,FALSE,TRUE,58.1019993,0,0,51,,
영동지사,26imhh,Patrol,영동_순찰_길_01,통영대전고속도로,350,S,207.31,36.28267623,127.4524146,113.1024036,36.282692,127.452277,171.744905,0,FALSE,FALSE,58.64250138,0,0,52,,
영동지사,26imhh,Patrol,영동_순찰_길_01,통영대전고속도로,350,S,207.3,36.28253643,127.4523921,113.4844862,36.282548,127.452254,172.4143187,0,FALSE,TRUE,58.92983247,0,0,53,,
영동지사,26imhh,Patrol,영동_순찰_길_01,통영대전고속도로,350,S,207.29,36.28245005,127.4523844,113.7374013,36.282458,127.452245,173.0837324,0,FALSE,FALSE,59.34633106,0,0,54,,
영동지사,26imhh,Patrol,영동_순찰_길_01,통영대전고속도로,350,S,207.28,36.28236367,127.4523767,113.976256,36.282372,127.452238,173.753146,0,TRUE,FALSE,59.77689004,0,0,55,,
영동지사,26imhh,Patrol,영동_순찰_길_01,통영대전고속도로,350,S,207.27,36.28227728,127.4523691,114.2215438,36.282285,127.45223,174.4225597,0,TRUE,FALSE,60.20101593,0,0,56,,
영동지사,26imhh,Patrol,영동_순찰_길_01,통영대전고속도로,350,S,207.26,36.2821909,127.4523614,114.47822,36.282199,127.452223,175.0919734,0,TRUE,FALSE,60.61375342,0,0,57,,
영동지사,26imhh,Patrol,영동_순찰_길_01,통영대전고속도로,350,S,207.25,36.28210452,127.4523537,114.7383683,36.282113,127.452215,175.7613871,0,TRUE,FALSE,61.0230188,0,0,58,,
영동지사,26imhh,Patrol,영동_순찰_길_01,통영대전고속도로,350,S,207.24,36.28201813,127.452346,115.0085347,36.282026,127.452207,176.4308008,0,FALSE,FALSE,61.42226609,0,0,59,,
영동지사,26imhh,Patrol,영동_순찰_길_01,통영대전고속도로,350,S,207.23,36.28193175,127.4523384,115.2781714,36.28194,127.4522,177.1002145,0,TRUE,FALSE,61.82204307,0,0,60,,
영동지사,26imhh,Patrol,영동_순찰_길_01,통영대전고속도로,350,S,207.22,36.28184537,127.4523307,115.5473057,36.281853,127.452192,177.7696282,0,TRUE,FALSE,62.22232246,0,0,61,,
영동지사,26imhh,Patrol,영동_순찰_길_01,통영대전고속도로,350,S,207.21,36.28175898,127.452323,115.8045992,36.281767,127.452184,178.4390419,0,TRUE,FALSE,62.63444265,0,0,62,,
영동지사,26imhh,Patrol,영동_순찰_길_01,통영대전고속도로,350,S,207.2,36.2816726,127.4523154,115.4965856,36.281671,127.452176,179.1084555,0,TRUE,TRUE,63.61186993,0,0,63,,
영동지사,26imhh,Patrol,영동_순찰_길_01,통영대전고속도로,350,S,207.19,36.28158102,127.4523265,116.3953087,36.28157,127.452188,180.6864863,0,TRUE,FALSE,64.29117762,0,0,64,,
영동지사,26imhh,Patrol,영동_순찰_길_01,통영대전고속도로,350,S,207.18,36.28148943,127.4523376,116.7181471,36.281478,127.452199,182.2645171,0,TRUE,FALSE,65.54637001,0,0,65,,
영동지사,26imhh,Patrol,영동_순찰_길_01,통영대전고속도로,350,S,207.17,36.28139785,127.4523487,117.0409597,36.281387,127.45221,183.8425479,0,TRUE,FALSE,66.8015882,0,0,66,,
영동지사,26imhh,Patrol,영동_순찰_길_01,통영대전고속도로,350,S,207.16,36.28130627,127.4523598,117.3637461,36.281295,127.452221,185.4205787,0,FALSE,FALSE,68.05683259,0,0,67,,
영동지사,26imhh,Patrol,영동_순찰_길_01,통영대전고속도로,350,S,207.15,36.28121468,127.4523709,117.6865058,36.281204,127.452232,186.9986095,0,FALSE,FALSE,69.31210368,0,0,68,,
영동지사,26imhh,Patrol,영동_순찰_길_01,통영대전고속도로,350,S,207.14,36.2811231,127.452382,118.0092385,36.281112,127.452243,188.5766403,0,FALSE,FALSE,70.56740177,0,0,69,,
영동지사,26imhh,Patrol,영동_순찰_길_01,통영대전고속도로,350,S,207.13,36.28103152,127.4523931,118.3199426,36.281021,127.452255,190.1546711,0,FALSE,FALSE,71.83472846,0,0,70,,
영동지사,26imhh,Patrol,영동_순찰_길_01,통영대전고속도로,350,S,207.12,36.28093993,127.4524043,118.6569605,36.280929,127.452266,191.7327019,0,FALSE,FALSE,73.07574135,0,0,71,,
영동지사,26imhh,Patrol,영동_순찰_길_01,통영대전고속도로,350,S,207.11,36.28084835,127.4524154,118.9929881,36.280837,127.452277,193.3107326,0,FALSE,FALSE,74.31774454,0,0,72,,
영동지사,26imhh,Patrol,영동_순찰_길_01,통영대전고속도로,350,S,207.1,36.28075677,127.4524265,119.3198716,36.280737,127.452289,194.8887634,0,FALSE,TRUE,75.56889183,0,0,73,,
영동지사,26imhh,Patrol,영동_순찰_길_01,통영대전고속도로,350,S,207.09,36.28068752,127.4524493,119.5777236,36.280659,127.452315,194.6443481,0,FALSE,FALSE,75.06662454,0,0,74,,
영동지사,26imhh,Patrol,영동_순찰_길_01,통영대전고속도로,350,S,207.08,36.28061828,127.4524721,119.8276635,36.280589,127.452337,194.3999329,0,FALSE,FALSE,74.57226936,0,0,75,,
영동지사,26imhh,Patrol,영동_순찰_길_01,통영대전고속도로,350,S,207.07,36.28054903,127.4524948,120.0776317,36.28052,127.45236,194.4523544,0,FALSE,FALSE,74.37472273,0,0,76,,
영동지사,26imhh,Patrol,영동_순찰_길_01,통영대전고속도로,350,S,207.06,36.28047979,127.4525176,120.3276286,36.280451,127.452383,194.504776,0,FALSE,TRUE,74.1771474,0,0,77,,
영동지사,26imhh,Patrol,영동_순찰_길_01,통영대전고속도로,350,S,207.05,36.28041054,127.4525404,120.5776549,36.280382,127.452406,195.4041799,0,FALSE,FALSE,74.82652499,0,0,78,,
영동지사,26imhh,Patrol,영동_순찰_길_01,통영대전고속도로,350,S,207.04,36.2803413,127.4525632,120.8277112,36.280312,127.452429,196.3035838,0,FALSE,FALSE,75.47587258,0,0,79,,
영동지사,26imhh,Patrol,영동_순찰_길_01,통영대전고속도로,350,S,207.03,36.28027205,127.452586,121.0777981,36.280243,127.452451,197.2029877,0,FALSE,TRUE,76.12518957,0,0,80,,
영동지사,26imhh,Patrol,영동_순찰_길_01,통영대전고속도로,350,S,207.02,36.28020281,127.4526088,121.3279162,36.280174,127.452474,197.7109604,0,FALSE,FALSE,76.38304419,0,0,81,,
영동지사,26imhh,Patrol,영동_순찰_길_01,통영대전고속도로,350,S,207.01,36.28013356,127.4526316,121.5780662,36.280105,127.452497,198.2189331,0,FALSE,FALSE,76.64086691,0,0,82,,
영동지사,26imhh,Patrol,영동_순찰_길_01,통영대전고속도로,350,S,207,36.28006432,127.4526544,121.9610828,36.280028,127.452522,198.4581401,0,FALSE,TRUE,76.49705726,0,0,83,,
영동지사,26imhh,Patrol,영동_순찰_길_01,통영대전고속도로,350,S,206.99,36.27998209,127.4526975,122.0784157,36.279938,127.452569,198.697347,0,FALSE,FALSE,76.61893131,0,0,84,,
영동지사,26imhh,Patrol,영동_순찰_길_01,통영대전고속도로,350,S,206.98,36.27989986,127.4527406,122.3476206,36.279856,127.452612,198.936554,0,FALSE,FALSE,76.58893336,0,0,85,,
영동지사,26imhh,Patrol,영동_순찰_길_01,통영대전고속도로,350,S,206.97,36.27981764,127.4527837,122.6168237,36.279774,127.452655,199.3037516,0,FALSE,FALSE,76.68692793,0,0,86,,
영동지사,26imhh,Patrol,영동_순찰_길_01,통영대전고속도로,350,S,206.96,36.27973541,127.4528267,122.8860247,36.279692,127.452698,199.6709493,0,FALSE,FALSE,76.7849246,0,0,87,,
영동지사,26imhh,Patrol,영동_순찰_길_01,통영대전고속도로,350,S,206.95,36.27965319,127.4528698,123.1552239,36.279609,127.452742,200.038147,0,FALSE,TRUE,76.88292307,0,0,88,,
영동지사,26imhh,Patrol,영동_순찰_길_01,통영대전고속도로,350,S,206.94,36.27957096,127.4529129,123.4244211,36.279527,127.452785,199.579951,0,FALSE,FALSE,76.15552987,0,0,89,,
영동지사,26imhh,Patrol,영동_순찰_길_01,통영대전고속도로,350,S,206.93,36.27948873,127.452956,123.6936164,36.279445,127.452828,199.121755,0,FALSE,FALSE,75.42813856,0,0,90,,
영동지사,26imhh,Patrol,영동_순찰_길_01,통영대전고속도로,350,S,206.92,36.27940651,127.4529991,123.9628098,36.279363,127.452871,198.663559,0,FALSE,TRUE,74.70074916,0,0,91,,
영동지사,26imhh,Patrol,영동_순찰_길_01,통영대전고속도로,350,S,206.91,36.27932428,127.4530422,124.2320012,36.279281,127.452914,196.7223877,0,FALSE,FALSE,72.4903865,0,0,92,,
영동지사,26imhh,Patrol,영동_순찰_길_01,통영대전고속도로,350,S,206.9,36.27924205,127.4530853,123.8855677,36.27919,127.452961,194.7812164,0,FALSE,TRUE,70.89564873,0,0,93,,
영동지사,26imhh,Patrol,영동_순찰_길_01,통영대전고속도로,350,S,206.89,36.27916214,127.4531472,124.8060705,36.279103,127.453029,192.8400452,0,FALSE,FALSE,68.03397467,0,0,94,,
영동지사,26imhh,Patrol,영동_순찰_길_01,통영대전고속도로,350,S,206.88,36.27908222,127.4532091,125.1212236,36.279023,127.453091,191.3154144,0,FALSE,FALSE,66.19419083,0,0,95,,
영동지사,26imhh,Patrol,영동_순찰_길_01,통영대전고속도로,350,S,206.87,36.2790023,127.453271,125.4363759,36.278943,127.453153,188.9577026,0,FALSE,TRUE,63.52132674,0,0,96,,
영동지사,26imhh,Patrol,영동_순찰_길_01,대전남부순환고속도로,3001,S,0.61,36.27899335,127.4529649,119.436803,36.27899335,127.4529649,191.5329132,0,FALSE,TRUE,72.09611021,0,0,97,,
영동지사,26imhh,Patrol,영동_순찰_길_01,대전남부순환고속도로,3001,S,0.6,36.27902393,127.4528601,119.436803,36.27902393,127.4528601,194.3844735,0,FALSE,FALSE,74.94767053,0,0,98,,
영동지사,26imhh,Patrol,영동_순찰_길_01,대전남부순환고속도로,3001,S,0.59,36.27905451,127.4527554,119.436803,36.27905451,127.4527554,197.749527,0,FALSE,TRUE,78.31272398,0,0,99,,
영동지사,26imhh,Patrol,영동_순찰_길_01,대전남부순환고속도로,3001,S,0.58,36.27908509,127.4526507,119.436803,36.27908509,127.4526507,200.0875942,0,FALSE,FALSE,80.65079117,0,0,100,,
영동지사,26imhh,Patrol,영동_순찰_길_01,대전남부순환고속도로,3001,S,0.57,36.27911567,127.452546,119.436803,36.27911567,127.452546,202.9391545,0,FALSE,TRUE,83.50235149,0,0,101,,
영동지사,26imhh,Patrol,영동_순찰_길_01,대전남부순환고속도로,3001,S,0.56,36.27914625,127.4524413,119.436803,36.27914625,127.4524413,206.236145,0,FALSE,TRUE,86.79934202,0,0,102,,
영동지사,26imhh,Patrol,영동_순찰_길_01,대전남부순환고속도로,3001,S,0.55,36.27917638,127.4523364,119.436803,36.27917638,127.4523364,208.674118,0,FALSE,TRUE,89.23731504,0,0,103,,
영동지사,26imhh,Patrol,영동_순찰_길_01,대전남부순환고속도로,3001,S,0.54,36.27920591,127.4522312,119.436803,36.27920591,127.4522312,211.4938355,0,FALSE,TRUE,92.05703245,0,0,104,,
영동지사,26imhh,Patrol,영동_순찰_길_01,대전남부순환고속도로,3001,S,0.53,36.27923543,127.452126,119.436803,36.27923543,127.452126,213.4588089,0,FALSE,FALSE,94.0220059,0,0,105,,
영동지사,26imhh,Patrol,영동_순찰_길_01,대전남부순환고속도로,3001,S,0.52,36.27926495,127.4520208,119.436803,36.27926495,127.4520208,215.4237824,0,FALSE,TRUE,95.98697935,0,0,106,,
영동지사,26imhh,Patrol,영동_순찰_길_01,대전남부순환고속도로,3001,S,0.51,36.27929447,127.4519156,119.436803,36.27929447,127.4519156,215.015873,0,FALSE,FALSE,95.57906996,0,0,107,,
영동지사,26imhh,Patrol,영동_순찰_길_01,대전남부순환고속도로,3001,S,0.5,36.27932399,127.4518105,119.436803,36.27932399,127.4518105,214.6079636,0,FALSE,FALSE,95.17116057,0,0,108,,
영동지사,26imhh,Patrol,영동_순찰_길_01,대전남부순환고속도로,3001,S,0.49,36.27935351,127.4517053,119.436803,36.27935351,127.4517053,214.2000542,0,FALSE,FALSE,94.76325117,0,0,109,,
영동지사,26imhh,Patrol,영동_순찰_길_01,대전남부순환고속도로,3001,S,0.48,36.27938304,127.4516001,119.436803,36.27938304,127.4516001,213.7921448,0,FALSE,FALSE,94.35534178,0,0,110,,
영동지사,26imhh,Patrol,영동_순찰_길_01,대전남부순환고속도로,3001,S,0.47,36.27941256,127.4514949,119.436803,36.27941256,127.4514949,213.6060257,0,FALSE,FALSE,94.1692227,0,0,111,,
영동지사,26imhh,Patrol,영동_순찰_길_01,대전남부순환고속도로,3001,S,0.46,36.27944208,127.4513897,119.436803,36.27944208,127.4513897,213.4199066,0,FALSE,TRUE,93.98310362,0,0,112,,
영동지사,26imhh,Patrol,영동_순찰_길_01,대전남부순환고속도로,3001,S,0.45,36.27946709,127.4512829,119.436803,36.27946709,127.4512829,209.9617055,0,FALSE,FALSE,90.52490253,0,0,113,,
영동지사,26imhh,Patrol,영동_순찰_길_01,대전남부순환고속도로,3001,S,0.44,36.27948933,127.451175,119.436803,36.27948933,127.451175,206.5035044,0,FALSE,FALSE,87.06670144,0,0,114,,
영동지사,26imhh,Patrol,영동_순찰_길_01,대전남부순환고속도로,3001,S,0.43,36.27951157,127.4510671,119.436803,36.27951157,127.4510671,203.0453033,0,FALSE,FALSE,83.60850035,0,0,115,,
영동지사,26imhh,Patrol,영동_순찰_길_01,대전남부순환고속도로,3001,S,0.42,36.27953381,127.4509592,119.436803,36.27953381,127.4509592,199.5871023,0,FALSE,FALSE,80.15029925,0,0,116,,
영동지사,26imhh,Patrol,영동_순찰_길_01,대전남부순환고속도로,3001,S,0.41,36.27955605,127.4508514,119.436803,36.27955605,127.4508514,196.1289012,0,FALSE,FALSE,76.69209816,0,0,117,,
영동지사,26imhh,Patrol,영동_순찰_길_01,대전남부순환고속도로,3001,S,0.4,36.27957829,127.4507435,119.436803,36.27957829,127.4507435,192.6707001,0,FALSE,TRUE,73.23389707,0,0,118,,
영동지사,26imhh,Patrol,영동_순찰_길_01,대전남부순환고속도로,3001,S,0.39,36.27960053,127.4506356,119.436803,36.27960053,127.4506356,192.8458409,0,FALSE,FALSE,73.40903794,0,0,119,,
영동지사,26imhh,Patrol,영동_순찰_길_01,대전남부순환고속도로,3001,S,0.38,36.27962277,127.4505277,119.436803,36.27962277,127.4505277,193.0209818,0,FALSE,FALSE,73.58417882,0,0,120,,
영동지사,26imhh,Patrol,영동_순찰_길_01,대전남부순환고속도로,3001,S,0.37,36.279645,127.4504198,119.436803,36.279645,127.4504198,193.1961227,0,FALSE,FALSE,73.75931969,0,0,121,,
영동지사,26imhh,Patrol,영동_순찰_길_01,대전남부순환고속도로,3001,S,0.36,36.27966724,127.450312,119.436803,36.27966724,127.450312,193.3712636,0,FALSE,FALSE,73.93446056,0,0,122,,
영동지사,26imhh,Patrol,영동_순찰_길_01,대전남부순환고속도로,3001,S,0.35,36.27968948,127.4502041,119.436803,36.27968948,127.4502041,193.5464044,0,FALSE,FALSE,74.10960144,0,0,123,,
영동지사,26imhh,Patrol,영동_순찰_길_01,대전남부순환고속도로,3001,S,0.34,36.27971172,127.4500962,119.436803,36.27971172,127.4500962,193.7215453,0,FALSE,FALSE,74.28474231,0,0,124,,
영동지사,26imhh,Patrol,영동_순찰_길_01,대전남부순환고속도로,3001,S,0.33,36.27973029,127.4499874,119.436803,36.27973029,127.4499874,193.8966862,0,FALSE,TRUE,74.45988318,0,0,125,,
영동지사,26imhh,Patrol,영동_순찰_길_01,대전남부순환고속도로,3001,S,0.32,36.27974382,127.4498773,119.436803,36.27974382,127.4498773,194.0718271,0,FALSE,FALSE,74.63502406,0,0,126,,
영동지사,26imhh,Patrol,영동_순찰_길_01,대전남부순환고속도로,3001,S,0.31,36.27975736,127.4497673,119.436803,36.27975736,127.4497673,194.2469679,0,FALSE,FALSE,74.81016493,0,0,127,,
영동지사,26imhh,Patrol,영동_순찰_길_01,대전남부순환고속도로,3001,S,0.3,36.27977089,127.4496572,119.436803,36.27977089,127.4496572,194.4221088,0,FALSE,FALSE,74.9853058,0,0,128,,
영동지사,26imhh,Patrol,영동_순찰_길_01,대전남부순환고속도로,3001,S,0.29,36.27978443,127.4495472,119.436803,36.27978443,127.4495472,194.5972497,0,FALSE,FALSE,75.16044668,0,0,129,,
영동지사,26imhh,Patrol,영동_순찰_길_01,대전남부순환고속도로,3001,S,0.28,36.27979797,127.4494371,119.436803,36.27979797,127.4494371,194.7723906,0,FALSE,FALSE,75.33558755,0,0,130,,
영동지사,26imhh,Patrol,영동_순찰_길_01,대전남부순환고속도로,3001,S,0.27,36.2798115,127.449327,119.436803,36.2798115,127.449327,194.9475314,0,FALSE,FALSE,75.51072842,0,0,131,,
영동지사,26imhh,Patrol,영동_순찰_길_01,대전남부순환고속도로,3001,S,0.26,36.27982504,127.449217,119.436803,36.27982504,127.449217,195.1226723,0,FALSE,FALSE,75.6858693,0,0,132,,
영동지사,26imhh,Patrol,영동_순찰_길_01,대전남부순환고속도로,3001,S,0.25,36.27983857,127.4491069,119.436803,36.27983857,127.4491069,195.2978132,0,FALSE,FALSE,75.86101017,0,0,133,,
영동지사,26imhh,Patrol,영동_순찰_길_01,대전남부순환고속도로,3001,S,0.24,36.27985211,127.4489969,119.436803,36.27985211,127.4489969,195.472954,0,FALSE,FALSE,76.03615104,0,0,134,,
영동지사,26imhh,Patrol,영동_순찰_길_01,대전남부순환고속도로,3001,S,0.23,36.27986564,127.4488868,119.436803,36.27986564,127.4488868,195.6480949,0,FALSE,TRUE,76.21129191,0,0,135,,
영동지사,26imhh,Patrol,영동_순찰_길_01,대전남부순환고속도로,3001,S,0.22,36.27987312,127.448776,119.436803,36.27987312,127.448776,195.8232358,0,FALSE,FALSE,76.38643279,0,0,136,,
영동지사,26imhh,Patrol,영동_순찰_길_01,대전남부순환고속도로,3001,S,0.21,36.27987799,127.4486648,119.436803,36.27987799,127.4486648,195.9983767,0,FALSE,FALSE,76.56157366,0,0,137,,
영동지사,26imhh,Patrol,영동_순찰_길_01,대전남부순환고속도로,3001,S,0.2,36.27988286,127.4485537,119.436803,36.27988286,127.4485537,196.1735175,0,FALSE,FALSE,76.73671453,0,0,138,,
영동지사,26imhh,Patrol,영동_순찰_길_01,대전남부순환고속도로,3001,S,0.19,36.27988773,127.4484425,119.436803,36.27988773,127.4484425,196.3486584,0,FALSE,FALSE,76.91185541,0,0,139,,
영동지사,26imhh,Patrol,영동_순찰_길_01,대전남부순환고속도로,3001,S,0.18,36.2798926,127.4483313,119.436803,36.2798926,127.4483313,196.5237993,0,FALSE,FALSE,77.08699628,0,0,140,,
영동지사,26imhh,Patrol,영동_순찰_길_01,대전남부순환고속도로,3001,S,0.17,36.27989746,127.4482202,119.436803,36.27989746,127.4482202,196.6989402,0,FALSE,TRUE,77.26213715,0,0,141,,
영동지사,26imhh,Patrol,영동_순찰_길_01,대전남부순환고속도로,3001,S,0.16,36.2798986,127.4481089,119.436803,36.2798986,127.4481089,196.874081,0,FALSE,FALSE,77.43727803,0,0,142,,
영동지사,26imhh,Patrol,영동_순찰_길_01,대전남부순환고속도로,3001,S,0.15,36.279899,127.4479976,119.436803,36.279899,127.4479976,197.0492219,0,FALSE,FALSE,77.6124189,0,0,143,,
영동지사,26imhh,Patrol,영동_순찰_길_01,대전남부순환고속도로,3001,S,0.14,36.27989939,127.4478862,119.436803,36.27989939,127.4478862,197.2243628,0,FALSE,FALSE,77.78755977,0,0,144,,
영동지사,26imhh,Patrol,영동_순찰_길_01,대전남부순환고속도로,3001,S,0.13,36.27989979,127.4477749,119.436803,36.27989979,127.4477749,197.3995037,0,FALSE,FALSE,77.96270065,0,0,145,,
영동지사,26imhh,Patrol,영동_순찰_길_01,대전남부순환고속도로,3001,S,0.12,36.27990018,127.4476636,119.436803,36.27990018,127.4476636,197.5746445,0,FALSE,FALSE,78.13784152,0,0,146,,
영동지사,26imhh,Patrol,영동_순찰_길_01,대전남부순환고속도로,3001,S,0.11,36.27990058,127.4475523,119.436803,36.27990058,127.4475523,197.7497854,0,FALSE,FALSE,78.31298239,0,0,147,,
영동지사,26imhh,Patrol,영동_순찰_길_01,대전남부순환고속도로,3001,S,0.1,36.27990097,127.447441,119.436803,36.27990097,127.447441,197.9249263,0,FALSE,FALSE,78.48812327,0,0,148,,
영동지사,26imhh,Patrol,영동_순찰_길_01,대전남부순환고속도로,3001,S,0.09,36.27990137,127.4473296,119.436803,36.27990137,127.4473296,198.1000671,0,FALSE,TRUE,78.66326414,0,0,149,,
영동지사,26imhh,Patrol,영동_순찰_길_01,대전남부순환고속도로,3001,S,0.08,36.27990176,127.4472183,119.436803,36.27990176,127.4472183,197.6674194,0,FALSE,TRUE,78.23061643,0,0,150,,
영동지사,26imhh,Patrol,영동_순찰_길_01,대전남부순환고속도로,3001,S,0.07,36.27990216,127.447107,119.436803,36.27990216,127.447107,194.9151001,0,FALSE,TRUE,75.4782971,0,0,151,,
영동지사,26imhh,Patrol,영동_순찰_길_01,대전남부순환고속도로,3001,S,0.06,36.27990255,127.4469957,119.436803,36.27990255,127.4469957,190.5046539,0,FALSE,FALSE,71.06785093,0,0,152,,
영동지사,26imhh,Patrol,영동_순찰_길_01,대전남부순환고속도로,3001,S,0.05,36.27990295,127.4468844,119.436803,36.27990295,127.4468844,185.6668905,0,FALSE,TRUE,66.23008746,0,0,153,,
영동지사,26imhh,Patrol,영동_순찰_길_01,대전남부순환고속도로,3001,S,0.04,36.27989987,127.4467731,119.436803,36.27989987,127.4467731,183.0400238,0,FALSE,TRUE,63.6032208,0,0,154,,
영동지사,26imhh,Patrol,영동_순찰_길_01,대전남부순환고속도로,3001,S,0.03,36.2798958,127.4466619,119.436803,36.2798958,127.4466619,181.8773346,0,FALSE,TRUE,62.44053159,0,0,155,,
영동지사,26imhh,Patrol,영동_순찰_길_01,대전남부순환고속도로,3001,S,0.02,36.27989173,127.4465507,119.436803,36.27989173,127.4465507,177.960701,0,FALSE,TRUE,58.52389799,0,0,156,,
영동지사,26imhh,Patrol,영동_순찰_길_01,대전남부순환고속도로,3001,S,0.01,36.27988766,127.4464395,119.436803,36.27988766,127.4464395,175.1722565,0,FALSE,TRUE,55.73545347,0,0,157,,
영동지사,26imhh,Patrol,영동_순찰_길_01,대전남부순환고속도로,3001,S,0,36.27988359,127.4463283,119.436803,36.27988359,127.4463283,170.1254196,0,FALSE,TRUE,50.68861662,0,0,158,,
영동지사,26imhh,Patrol,영동_순찰_길_01,대전남부순환고속도로,3000,E,12.22,36.27991911,127.4460339,117.7931378,36.279838,127.44613,168.1817703,0,FALSE,TRUE,50.38863252,0,0,159,,
영동지사,26imhh,Patrol,영동_순찰_길_01,대전남부순환고속도로,3000,E,12.23,36.27998319,127.4461166,117.6811678,36.279902,127.446213,169.272337,0,TRUE,FALSE,51.59116916,0,0,160,,
영동지사,26imhh,Patrol,영동_순찰_길_01,대전남부순환고속도로,3000,E,12.24,36.28004727,127.4461992,117.5691994,36.279966,127.446296,170.3629036,0,TRUE,FALSE,52.7937042,0,0,161,,
영동지사,26imhh,Patrol,영동_순찰_길_01,대전남부순환고속도로,3000,E,12.25,36.28011135,127.4462819,117.4572327,36.28003,127.446378,171.4534702,0,FALSE,FALSE,53.99623753,0,0,162,,
영동지사,26imhh,Patrol,영동_순찰_길_01,대전남부순환고속도로,3000,E,12.26,36.28017543,127.4463645,117.3452675,36.280095,127.446461,172.5440369,0,FALSE,TRUE,55.19876937,0,0,163,,
영동지사,26imhh,Patrol,영동_순찰_길_01,대전남부순환고속도로,3000,E,12.27,36.28023951,127.4464472,117.2333039,36.280159,127.446544,172.3027903,0,FALSE,FALSE,55.06948643,0,0,164,,
영동지사,26imhh,Patrol,영동_순찰_길_01,대전남부순환고속도로,3000,E,12.28,36.28030359,127.4465298,117.121342,36.280223,127.446626,172.0615438,0,FALSE,FALSE,54.94020178,0,0,165,,
영동지사,26imhh,Patrol,영동_순찰_길_01,대전남부순환고속도로,3000,E,12.29,36.28036767,127.4466125,117.0093816,36.280287,127.446709,171.8202972,0,FALSE,TRUE,54.81091564,0,0,166,,
영동지사,26imhh,Patrol,영동_순찰_길_01,대전남부순환고속도로,3000,E,12.3,36.28043175,127.4466952,116.8974229,36.280351,127.446792,172.9908803,0,FALSE,FALSE,56.09345743,0,0,167,,
영동지사,26imhh,Patrol,영동_순찰_길_01,대전남부순환고속도로,3000,E,12.31,36.28049583,127.4467778,116.7854657,36.280415,127.446874,174.1614634,0,FALSE,FALSE,57.37599772,0,0,168,,
영동지사,26imhh,Patrol,영동_순찰_길_01,대전남부순환고속도로,3000,E,12.32,36.28055991,127.4468605,116.6735102,36.280479,127.446957,175.3320465,0,FALSE,TRUE,58.65853631,0,0,169,,
영동지사,26imhh,Patrol,영동_순찰_길_01,대전남부순환고속도로,3000,E,12.33,36.28062399,127.4469431,116.5615563,36.280543,127.44704,174.9219017,0,FALSE,FALSE,58.3603454,0,0,170,,
영동지사,26imhh,Patrol,영동_순찰_길_01,대전남부순환고속도로,3000,E,12.34,36.28068807,127.4470258,116.449604,36.280607,127.447122,174.5117569,0,FALSE,FALSE,58.0621529,0,0,171,,
영동지사,26imhh,Patrol,영동_순찰_길_01,대전남부순환고속도로,3000,E,12.35,36.28075215,127.4471084,116.3376533,36.280671,127.447205,173.9977264,0,FALSE,FALSE,57.66007314,0,0,172,,
영동지사,26imhh,Patrol,영동_순찰_길_01,대전남부순환고속도로,3000,E,12.36,36.28081623,127.4471911,116.2257042,36.280735,127.447288,173.483696,0,FALSE,FALSE,57.25799178,0,0,173,,
영동지사,26imhh,Patrol,영동_순찰_길_01,대전남부순환고속도로,3000,E,12.37,36.28088031,127.4472738,116.1137568,36.280799,127.44737,172.9696655,0,FALSE,FALSE,56.85590873,0,0,174,,
영동지사,26imhh,Patrol,영동_순찰_길_01,대전남부순환고속도로,3000,E,12.38,36.28094439,127.4473564,116.0018109,36.280863,127.447453,172.4556351,0,FALSE,FALSE,56.45382417,0,0,175,,
영동지사,26imhh,Patrol,영동_순찰_길_01,대전남부순환고속도로,3000,E,12.39,36.28100847,127.4474391,115.8898667,36.280928,127.447536,171.9416046,0,FALSE,TRUE,56.05173791,0,0,176,,
영동지사,26imhh,Patrol,영동_순찰_길_01,대전남부순환고속도로,3000,E,12.4,36.28107255,127.4475217,115.8571378,36.280992,127.447618,171.5911089,0,FALSE,FALSE,55.73397108,0,0,177,,
영동지사,26imhh,Patrol,영동_순찰_길_01,대전남부순환고속도로,3000,E,12.41,36.28113226,127.4475993,115.6606046,36.281051,127.447696,171.2406132,0,FALSE,FALSE,55.58000855,0,0,178,,
영동지사,26imhh,Patrol,영동_순찰_길_01,대전남부순환고속도로,3000,E,12.42,36.28119196,127.4476769,115.5450306,36.281111,127.447773,170.8901174,0,TRUE,FALSE,55.34508682,0,0,179,,
영동지사,26imhh,Patrol,영동_순찰_길_01,대전남부순환고속도로,3000,E,12.43,36.28125166,127.4477545,115.4294625,36.281171,127.447851,170.5396217,0,TRUE,FALSE,55.11015919,0,0,180,,
영동지사,26imhh,Patrol,영동_순찰_길_01,대전남부순환고속도로,3000,E,12.44,36.28131137,127.447832,115.3139003,36.28123,127.447928,170.189126,0,TRUE,FALSE,54.87522566,0,0,181,,
영동지사,26imhh,Patrol,영동_순찰_길_01,대전남부순환고속도로,3000,E,12.45,36.28137107,127.4479096,115.1983437,36.28129,127.448006,169.8386302,0,TRUE,FALSE,54.64028653,0,0,182,,
영동지사,26imhh,Patrol,영동_순찰_길_01,대전남부순환고속도로,3000,E,12.46,36.28143077,127.4479872,115.0827929,36.28135,127.448083,169.4881345,0,TRUE,FALSE,54.4053416,0,0,183,,
영동지사,26imhh,Patrol,영동_순찰_길_01,대전남부순환고속도로,3000,E,12.47,36.28149048,127.4480648,114.9672478,36.281409,127.448161,169.1376388,0,TRUE,FALSE,54.17039097,0,0,184,,
영동지사,26imhh,Patrol,영동_순찰_길_01,대전남부순환고속도로,3000,E,12.48,36.28155018,127.4481423,114.8517082,36.281469,127.448239,168.787143,0,TRUE,FALSE,53.93543483,0,0,185,,
영동지사,26imhh,Patrol,영동_순찰_길_01,대전남부순환고속도로,3000,E,12.49,36.28160988,127.4482199,114.7361742,36.281529,127.448316,168.4366473,0,TRUE,FALSE,53.7004731,0,0,186,,
영동지사,26imhh,Patrol,영동_순찰_길_01,대전남부순환고속도로,3000,E,12.5,36.28166959,127.4482975,114.6206457,36.281588,127.448394,168.0861516,0,TRUE,FALSE,53.46550587,0,0,187,,
영동지사,26imhh,Patrol,영동_순찰_길_01,대전남부순환고속도로,3000,E,12.51,36.28172929,127.448375,114.5051226,36.281648,127.448471,167.7356558,0,TRUE,FALSE,53.23053324,0,0,188,,
영동지사,26imhh,Patrol,영동_순찰_길_01,대전남부순환고속도로,3000,E,12.52,36.28178899,127.4484526,114.389605,36.281708,127.448549,167.3851601,0,TRUE,FALSE,52.99555511,0,0,189,,
영동지사,26imhh,Patrol,영동_순찰_길_01,대전남부순환고속도로,3000,E,12.53,36.2818487,127.4485302,114.2740926,36.281767,127.448626,167.0346644,0,TRUE,FALSE,52.76057178,0,0,190,,
영동지사,26imhh,Patrol,영동_순찰_길_01,대전남부순환고속도로,3000,E,12.54,36.2819084,127.4486078,114.1585855,36.281827,127.448704,166.6841687,0,TRUE,FALSE,52.52558315,0,0,191,,
영동지사,26imhh,Patrol,영동_순찰_길_01,대전남부순환고속도로,3000,E,12.55,36.2819681,127.4486853,114.0430837,36.281887,127.448782,166.3336729,0,TRUE,FALSE,52.29058922,0,0,192,,
영동지사,26imhh,Patrol,영동_순찰_길_01,대전남부순환고속도로,3000,E,12.56,36.2820278,127.4487629,113.927587,36.281947,127.448859,165.9831772,0,FALSE,FALSE,52.05559019,0,0,193,,
영동지사,26imhh,Patrol,영동_순찰_길_01,대전남부순환고속도로,3000,E,12.57,36.28208751,127.4488405,113.8120955,36.282006,127.448937,165.7429007,0,FALSE,TRUE,51.93080516,0,0,194,,
영동지사,26imhh,Patrol,영동_순찰_길_01,대전남부순환고속도로,3000,E,12.58,36.28214721,127.4489181,113.696609,36.282066,127.449014,165.5026241,0,TRUE,FALSE,51.80601513,0,0,195,,
영동지사,26imhh,Patrol,영동_순찰_길_01,대전남부순환고속도로,3000,E,12.59,36.28220691,127.4489956,113.5811276,36.282126,127.449092,165.2623476,0,TRUE,FALSE,51.68122001,0,0,196,,
영동지사,26imhh,Patrol,영동_순찰_길_01,대전남부순환고속도로,3000,E,12.6,36.28226661,127.4490732,113.4934017,36.282186,127.44917,165.0220711,0,TRUE,FALSE,51.52866938,0,0,197,,
영동지사,26imhh,Patrol,영동_순찰_길_01,대전남부순환고속도로,3000,E,12.61,36.28232737,127.4491495,113.2902364,36.282248,127.449247,164.7817946,0,TRUE,FALSE,51.49155815,0,0,198,,
영동지사,26imhh,Patrol,영동_순찰_길_01,대전남부순환고속도로,3000,E,12.62,36.28238813,127.4492257,113.1167482,36.282308,127.449324,164.541518,0,TRUE,FALSE,51.42476982,0,0,199,,
영동지사,26imhh,Patrol,영동_순찰_길_01,대전남부순환고속도로,3000,E,12.63,36.28244888,127.449302,112.9432431,36.282369,127.4494,164.3012415,0,TRUE,FALSE,51.3579984,0,0,200,,
영동지사,26imhh,Patrol,영동_순찰_길_01,대전남부순환고속도로,3000,E,12.64,36.28250964,127.4493783,112.7697207,36.28243,127.449476,164.060965,0,TRUE,FALSE,51.29124427,0,0,201,,
영동지사,26imhh,Patrol,영동_순찰_길_01,대전남부순환고속도로,3000,E,12.65,36.28257039,127.4494545,112.5961811,36.282491,127.449552,163.8206884,0,TRUE,FALSE,51.22450734,0,0,202,,
영동지사,26imhh,Patrol,영동_순찰_길_01,대전남부순환고속도로,3000,E,12.66,36.28263115,127.4495308,112.4226241,36.282551,127.449629,163.5804119,0,TRUE,FALSE,51.15778782,0,0,203,,
영동지사,26imhh,Patrol,영동_순찰_길_01,대전남부순환고속도로,3000,E,12.67,36.28269191,127.4496071,112.2490495,36.282612,127.449705,163.3401354,0,TRUE,FALSE,51.09108589,0,0,204,,
영동지사,26imhh,Patrol,영동_순찰_길_01,대전남부순환고속도로,3000,E,12.68,36.28275266,127.4496833,112.0754572,36.282673,127.449781,163.0998589,0,TRUE,FALSE,51.02440166,0,0,205,,
영동지사,26imhh,Patrol,영동_순찰_길_01,대전남부순환고속도로,3000,E,12.69,36.28281342,127.4497596,111.901847,36.282734,127.449857,162.8595823,0,TRUE,FALSE,50.95773533,0,0,206,,
영동지사,26imhh,Patrol,영동_순찰_길_01,대전남부순환고속도로,3000,E,12.7,36.28287417,127.4498359,111.7282188,36.282794,127.449934,162.6193058,0,TRUE,FALSE,50.89108701,0,0,207,,
영동지사,26imhh,Patrol,영동_순찰_길_01,대전남부순환고속도로,3000,E,12.71,36.28293493,127.4499121,111.5545724,36.282855,127.45001,162.3790293,0,TRUE,FALSE,50.82445688,0,0,208,,
영동지사,26imhh,Patrol,영동_순찰_길_01,대전남부순환고속도로,3000,E,12.72,36.28299569,127.4499884,111.3809077,36.282916,127.450086,162.1387528,0,TRUE,FALSE,50.75784505,0,0,209,,
영동지사,26imhh,Patrol,영동_순찰_길_01,대전남부순환고속도로,3000,E,12.73,36.28305644,127.4500646,111.2072245,36.282977,127.450163,161.8984762,0,TRUE,FALSE,50.69125172,0,0,210,,
영동지사,26imhh,Patrol,영동_순찰_길_01,대전남부순환고속도로,3000,E,12.74,36.2831172,127.4501409,111.0335227,36.283037,127.450239,161.6581997,0,TRUE,FALSE,50.624677,0,0,211,,
영동지사,26imhh,Patrol,영동_순찰_길_01,대전남부순환고속도로,3000,E,12.75,36.28317795,127.4502172,110.859802,36.283098,127.450315,161.4179232,0,TRUE,FALSE,50.55812117,0,0,212,,
영동지사,26imhh,Patrol,영동_순찰_길_01,대전남부순환고속도로,3000,E,12.76,36.28323871,127.4502934,110.6860625,36.283159,127.450391,161.1776466,0,TRUE,FALSE,50.49158414,0,0,213,,
영동지사,26imhh,Patrol,영동_순찰_길_01,대전남부순환고속도로,3000,E,12.77,36.28329946,127.4503697,110.5123038,36.28322,127.450468,160.9373701,0,TRUE,FALSE,50.42506631,0,0,214,,
영동지사,26imhh,Patrol,영동_순찰_길_01,대전남부순환고속도로,3000,E,12.78,36.28336022,127.450446,110.3385258,36.28328,127.450544,160.6970936,0,TRUE,FALSE,50.35856779,0,0,215,,
영동지사,26imhh,Patrol,영동_순찰_길_01,대전남부순환고속도로,3000,E,12.79,36.28342097,127.4505222,110.1647283,36.283341,127.45062,160.4568171,0,TRUE,FALSE,50.29208876,0,0,216,,
영동지사,26imhh,Patrol,영동_순찰_길_01,대전남부순환고속도로,3000,E,12.8,36.28348173,127.4505985,109.8223875,36.283398,127.450691,160.2165405,0,TRUE,TRUE,50.39415303,0,0,217,,
영동지사,26imhh,Patrol,영동_순찰_길_01,,,,,,,,36.2833117,127.4506994,150.4568171,0,TRUE,TRUE,50.39415303,0,0,218,,
